Workbook

Sheet ▶ Cover (2)
B2: SE | D2: Schneider Electric
D3: APEX TOP 25 · Strategic Account Manager Assessment Tool
B5: 3 Assessment Lenses · 22 Capabilities ·
B8: SCORING FRAMEWORK
B9: L1 – Developing | D9: Behaviours absent or very inconsistent — significant development needed
B10: L2 – Proficient | D10: Consistently demonstrated — meets the required level for this account
B11: L3 – Advanced | D11: Benchmark quality — role model and reference for other APEX AMs
B13: THREE ASSESSMENT LENSES
B14: SELF | D14: Account Manager self-assessment — honest reflection of own capability level
B15: MANAGER | D15: Line manager assessment — direct observation and performance evidence
B16: APEX PANEL | D16: Unbiased panel — Global Account Managers & Global Segment Leaders
B18: INSTRUCTIONS
B19: 1. Please review the Capability Guide tab before starting the assessment.
B20: 2. For each capability, read the definitions and behavioural indicators for L1 (Developing), L2 (Proficient), and L3 (Advanced), and select the level that best reflects your current capability.
B21: 3. Complete the Self Assessment section based on an honest evaluation of your current performance and behaviours.
B22: 4. Where relevant, add comments or examples in the Notes section to support your assessment.

Sheet ▶ Capability Guide
B2: SE | D2: Schneider Electric
D3: CAPABILITY DEFINITIONS · L1 / L2 / L3 Behavioural Anchors
B5: Use these definitions to calibrate scores consistently across all three assessment lenses
B7: Capability | C7: Cluster | D7: Src | E7: Acq Req | F7: Sat Req | G7: L1 — Developing | H7: L2 — Proficient | I7: L3 — Advanced
B8: Account Management. | C8: Account Strategy & Planning | D8: SE | E8: L3 | F8: L3 | G8: Drafts or contributes to the account plan but relies on others for overall direction; priorities broad or reactive | H8: Leads a coherent Strategic Account Plan with clear priorities linked to ambition and growth plays; runs regular reviews | I8: Uses the account plan as a steering tool for the Virtual Team and sponsors; anticipates shifts and proactively repositions
B9: Strategic Account Ambition. | C9: Account Strategy & Planning | D9: C | E9: L2 | F9: L2 | G9: Describes ambition mainly as 'more business' without clear positioning or focus | H9: Defines Schneider's strategic intent, target position, and ambition for the account with a clear narrative | I9: Crafts an ambition that galvanizes sponsors and the Virtual Team; uses it to unlock bigger moves
B10: Consultative Selling. | C10: Commercial & Sales Excellence | D10: SE | E10: L2 | F10: L2 | G10: Leads with products/features; some discovery questions but weak link to business context | H10: Anchors discussions in customer priorities and pain points; links offers to clear business outcomes | I10: Reframes customer thinking and creates new space for Schneider; recognized as trusted advisor
B11: Negotiation. | C11: Commercial & Sales Excellence | D11: SE | E11: L2 | F11: L2 | G11: Focuses mainly on price and concessions; reacts to customer demands; escalates quickly | H11: Adapts negotiation approach to account context, risk, and strategic importance; prepares options | I11: Designs and leads negotiation strategies that strengthen strategic position; helps others prepare
B12: Value Creation / Business Case. | C12: Commercial & Sales Excellence | D12: C | E12: L2 | F12: L2 | G12: Talks about benefits in broad terms; business case elements are incomplete or generic | H12: Builds solid value arguments with data or credible logic; tailors the case to different stakeholders | I12: Uses value logic to reshape scope, structure, or commercial model; reference for strong value cases
B13: Customer Relationship Management. | C13: Executive & Customer Leadership | D13: SE | E13: L2 | F13: L2 | G13: Has working relationships around active deals but limited depth; depends on others to open doors | H13: Maintains a healthy network across functions and levels; spots relationship risks and works to rebalance | I13: Is perceived as a trusted interface to Schneider; manages complex stakeholder dynamics constructively
B14: Stakeholder Management. | C14: Executive & Customer Leadership | D14: SE | E14: L2 | F14: L2 | G14: Sees stakeholders mainly through deal contacts; mapping incomplete or not kept current | H14: Maintains a clear stakeholder map; actively works to align key players around priorities and actions | I14: Anticipates shifts in influence and politics; orchestrates alignment across difficult coalitions
B15: Influencing Skills. | C15: Executive & Customer Leadership | D15: SE | E15: L2 | F15: L2 | G15: Escalates quickly when facing resistance; tends to push messages rather than adapt | H15: Adjusts style to audience; builds coalitions and uses facts, value, and relationships to secure alignment | I15: Influences high-stakes decisions with senior stakeholders; regularly unblocks stuck topics
B16: Executive Presence | C16: Executive & Customer Leadership | D16: C | E16: L2 | F16: L2 | G16: Feels less at ease in executive forums; messages can be too detailed or unclear | H16: Prepares and delivers clear, concise messages at executive level; represents Schneider confidently | I16: Shapes executive conversations and positions Schneider as strategic partner; trusted in C-suite
B17: C-Level Engagement. | C17: Executive & Customer Leadership | D17: C | E17: L2 | F17: L2 | G17: Participates in senior meetings mainly as observer; limited link to customer enterprise agenda | H17: Plans and leads targeted C-level interactions connected to account ambition | I17: Uses C-level interactions to open new spaces for Schneider and accelerate key decisions
B18: Executive Sponsorship Mobilization. | C18: Executive & Customer Leadership | D18: C | E18: L2 | F18: L2 | G18: Involves sponsors occasionally without clear objectives or preparation | H18: Plans sponsor involvement with clear objectives; briefs and debriefs sponsors systematically | I18: Strategically sequences sponsor involvement to unlock new plays and de-block issues
... B29: Software & Services Attach. | C29: Saturation Excellence | D29: S | E29: — | F29: L2 | G29: Mentions software/services occasionally but not systematically | H29: Identifies and positions software, digital, and services offers on top of core business footprint | I29: Embeds attach logic into how the account is run; drives meaningful growth in software/services mix

Sheet Employee 1
B2: SE | D2: Schneider Electric
D3: APEX ASSESSMENT · AM01
B5: Account Manager: Account Manager 1 · Account: Account 1 · Zone: MEA · Track: Acquisition
B7: Account Manager | D7: Account Manager 1 | E7: Account Name | G7: Account 1 | H7: Zone | I7: MEA | J7: Track | K7: Acquisition
B8: Self Assessment Date: | E8: Manager Assessment Date: | H8: APEX Panel Date:
E9: ◀ SELF ASSESSMENT ▶ | F9: ◀ MANAGER ASSESSMENT ▶ | G9: ◀ APEX PANEL ASSESSMENT ▶
B10: Capability | C10: Src | D10: Req Lv | E10: SELF (L1/L2/L3) | F10: MANAGER (L1/L2/L3) | G10: APEX PANEL (L1/L2/L3) | H10: Self # | I10: Mgr # | J10: APEX # | K10: Notes / Evidence & Behavioural Observations | M10: Capability | N10: Self | O10: Manager | P10: APEX | Q10: Target
B11: Account Management | C11: SE | D11: L3 | H11: =IF(E11="L3 - Advanced",3,IF(E11="L2 - Proficient",2,IF(E11="L1 - Developing",1,""))) | I11: =IF(F11="L3 - Advanced",3,IF(F11="L2 - Proficient",2,IF(F11="L1 - Developing",1,""))) | J11: =IF(G11="L3 - Advanced",3,IF(G11="L2 - Proficient",2,IF(G11="L1 - Developing",1,""))) | M11: Acct Mgmt | N11: =H11 | O11: =I11 | P11: =J11 | Q11: 2
B12: Strategic Account Ambition | C12: C | D12: L2 | H12: =IF(E12="L3 - Advanced",3,IF(E12="L2 - Proficient",2,IF(E12="L1 - Developing",1,""))) | I12: =IF(F12="L3 - Advanced",3,IF(F12="L2 - Proficient",2,IF(F12="L1 - Developing",1,""))) | J12: =IF(G12="L3 - Advanced",3,IF(G12="L2 - Proficient",2,IF(G12="L1 - Developing",1,""))) | M12: Strat Ambition | N12: =H12 | O12: =I12 | P12: =J12 | Q12: 2
B13: Consultative Selling | C13: SE | D13: L2 | H13: =IF(E13="L3 - Advanced",3,IF(E13="L2 - Proficient",2,IF(E13="L1 - Developing",1,""))) | I13: =IF(F13="L3 - Advanced",3,IF(F13="L2 - Proficient",2,IF(F13="L1 - Developing",1,""))) | J13: =IF(G13="L3 - Advanced",3,IF(G13="L2 - Proficient",2,IF(G13="L1 - Developing",1,""))) | M13: Consultative | N13: =H13 | O13: =I13 | P13: =J13 | Q13: 2
B14: Negotiation | C14: SE | D14: L2 | H14: =IF(E14="L3 - Advanced",3,IF(E14="L2 - Proficient",2,IF(E14="L1 - Developing",1,""))) | I14: =IF(F14="L3 - Advanced",3,IF(F14="L2 - Proficient",2,IF(F14="L1 - Developing",1,""))) | J14: =IF(G14="L3 - Advanced",3,IF(G14="L2 - Proficient",2,IF(G14="L1 - Developing",1,""))) | M14: Negotiation | N14: =H14 | O14: =I14 | P14: =J14 | Q14: 2
B15: Value Creation / Business Case | C15: C | D15: L2 | H15: =IF(E15="L3 - Advanced",3,IF(E15="L2 - Proficient",2,IF(E15="L1 - Developing",1,""))) | I15: =IF(F15="L3 - Advanced",3,IF(F15="L2 - Proficient",2,IF(F15="L1 - Developing",1,""))) | J15: =IF(G15="L3 - Advanced",3,IF(G15="L2 - Proficient",2,IF(G15="L1 - Developing",1,""))) | M15: Value/BizCase | N15: =H15 | O15: =I15 | P15: =J15 | Q15: 2
B16: Customer Relationship Management | C16: SE | D16: L2 | H16: =IF(E16="L3 - Advanced",3,IF(E16="L2 - Proficient",2,IF(E16="L1 - Developing",1,""))) | I16: =IF(F16="L3 - Advanced",3,IF(F16="L2 - Proficient",2,IF(F16="L1 - Developing",1,""))) | J16: =IF(G16="L3 - Advanced",3,IF(G16="L2 - Proficient",2,IF(G16="L1 - Developing",1,""))) | M16: CRM | N16: =H16 | O16: =I16 | P16: =J16 | Q16: 2
B17: Stakeholder Management | C17: SE | D17: L2 | H17: =IF(E17="L3 - Advanced",3,IF(E17="L2 - Proficient",2,IF(E17="L1 - Developing",1,""))) | I17: =IF(F17="L3 - Advanced",3,IF(F17="L2 - Proficient",2,IF(F17="L1 - Developing",1,""))) | J17: =IF(G17="L3 - Advanced",3,IF(G17="L2 - Proficient",2,IF(G17="L1 - Developing",1,""))) | M17: Stakeholder | N17: =H17 | O17: =I17 | P17: =J17 | Q17: 2
B18: Influencing Skills | C18: SE | D18: L2 | H18: =IF(E18="L3 - Advanced",3,IF(E18="L2 - Proficient",2,IF(E18="L1 - Developing",1,""))) | I18: =IF(F18="L3 - Advanced",3,IF(F18="L2 - Proficient",2,IF(F18="L1 - Developing",1,""))) | J18: =IF(G18="L3 - Advanced",3,IF(G18="L2 - Proficient",2,IF(G18="L1 - Developing",1,""))) | M18: Influencing | N18: =H18 | O18: =I18 | P18: =J18 | Q18: 2
B19: Executive Presence | C19: C | D19: L2 | H19: =IF(E19="L3 - Advanced",3,IF(E19="L2 - Proficient",2,IF(E19="L1 - Developing",1,""))) | I19: =IF(F19="L3 - Advanced",3,IF(F19="L2 - Proficient",2,IF(F19="L1 - Developing",1,""))) | J19: =IF(G19="L3 - Advanced",3,IF(G19="L2 - Proficient",2,IF(G19="L1 - Developing",1,""))) | M19: Exec Presence | N19: =H19 | O19: =I19 | P19: =J19 | Q19: 2
B20: C-Level Engagement | C20: C | D20: L2 | H20: =IF(E20="L3 - Advanced",3,IF(E20="L2 - Proficient",2,IF(E20="L1 - Developing",1,""))) | I20: =IF(F20="L3 - Advanced",3,IF(F20="L2 - Proficient",2,IF(F20="L1 - Developing",1,""))) | J20: =IF(G20="L3 - Advanced",3,IF(G20="L2 - Proficient",2,IF(G20="L1 - Developing",1,""))) | M20: C-Level | N20: =H20 | O20: =I20 | P20: =J20 | Q20: 2
B21: Executive Sponsorship Mobilization | C21: C | D21: L2 | H21: =IF(E21="L3 - Advanced",3,IF(E21="L2 - Proficient",2,IF(E21="L1 - Developing",1,""))) | I21: =IF(F21="L3 - Advanced",3,IF(F21="L2 - Proficient",2,IF(F21="L1 - Developing",1,""))) | J21: =IF(G21="L3 - Advanced",3,IF(G21="L2 - Proficient",2,IF(G21="L1 - Developing",1,""))) | M21: Exec Sponsor | N21: =H21 | O21: =I21 | P21: =J21 | Q21: 2
B22: Product Knowledge | C22: SE | D22: L2 | H22: =IF(E22="L3 - Advanced",3,IF(E22="L2 - Proficient",2,IF(E22="L1 - Developing",1,""))) | I22: =IF(F22="L3 - Advanced",3,IF(F22="L2 - Proficient",2,IF(F22="L1 - Developing",1,""))) | J22: =IF(G22="L3 - Advanced",3,IF(G22="L2 - Proficient",2,IF(G22="L1 - Developing",1,""))) | M22: Product Know | N22: =H22 | O22: =I22 | P22: =J22 | Q22: 2
... B32: Software & Services Attach | C32: S | D32: L2 | H32: =IF(E32="L3 - Advanced",3,IF(E32="L2 - Proficient",2,IF(E32="L1 - Developing",1,""))) | I32: =IF(F32="L3 - Advanced",3,IF(F32="L2 - Proficient",2,IF(F32="L1 - Developing",1,""))) | J32: =IF(G32="L3 - Advanced",3,IF(G32="L2 - Proficient",2,IF(G32="L1 - Developing",1,""))) | M32: SW/Svc Attach | N32: =H32 | O32: =I32 | P32: =J32 | Q32: 2
B33: AVERAGE MATURITY SCORE | E33: =IFERROR(AVERAGE(H11:H32),"") | F33: =IFERROR(AVERAGE(I11:I32),"") | G33: =IFERROR(AVERAGE(J11:J32),"") | H33: =IFERROR(AVERAGE(H11:J32),"")

Sheet Mohamed MARZOUK
B2: SE | D2: Schneider Electric
D3: APEX ASSESSMENT · AM02
B5: Account Manager: Account Manager 2 · Account: Account 2 · Zone: MEA · Track: Saturation
B7: Account Manager | D7: Account Manager 2 | E7: Account Name | G7: Account 2 | H7: Zone | I7: MEA | J7: Track | K7: Saturation
B8: Self Assessment Date: | E8: Manager Assessment Date: | H8: APEX Panel Date:
E9: ◀ SELF ASSESSMENT ▶ | F9: ◀ MANAGER ASSESSMENT ▶ | G9: ◀ APEX PANEL ASSESSMENT ▶
B10: Capability | C10: Src | D10: Req Lv | E10: SELF (L1/L2/L3) | F10: MANAGER (L1/L2/L3) | G10: APEX PANEL (L1/L2/L3) | H10: Self # | I10: Mgr # | J10: APEX # | K10: Notes / Evidence & Behavioural Observations | M10: Capability | N10: Self | O10: Manager | P10: APEX | Q10: Target
B11: Account Management | C11: SE | D11: L3 | H11: =IF(E11="L3 - Advanced",3,IF(E11="L2 - Proficient",2,IF(E11="L1 - Developing",1,""))) | I11: =IF(F11="L3 - Advanced",3,IF(F11="L2 - Proficient",2,IF(F11="L1 - Developing",1,""))) | J11: =IF(G11="L3 - Advanced",3,IF(G11="L2 - Proficient",2,IF(G11="L1 - Developing",1,""))) | M11: Acct Mgmt | N11: =H11 | O11: =I11 | P11: =J11 | Q11: 2
B12: Strategic Account Ambition | C12: C | D12: L2 | H12: =IF(E12="L3 - Advanced",3,IF(E12="L2 - Proficient",2,IF(E12="L1 - Developing",1,""))) | I12: =IF(F12="L3 - Advanced",3,IF(F12="L2 - Proficient",2,IF(F12="L1 - Developing",1,""))) | J12: =IF(G12="L3 - Advanced",3,IF(G12="L2 - Proficient",2,IF(G12="L1 - Developing",1,""))) | M12: Strat Ambition | N12: =H12 | O12: =I12 | P12: =J12 | Q12: 2
B13: Consultative Selling | C13: SE | D13: L2 | H13: =IF(E13="L3 - Advanced",3,IF(E13="L2 - Proficient",2,IF(E13="L1 - Developing",1,""))) | I13: =IF(F13="L3 - Advanced",3,IF(F13="L2 - Proficient",2,IF(F13="L1 - Developing",1,""))) | J13: =IF(G13="L3 - Advanced",3,IF(G13="L2 - Proficient",2,IF(G13="L1 - Developing",1,""))) | M13: Consultative | N13: =H13 | O13: =I13 | P13: =J13 | Q13: 2
B14: Negotiation | C14: SE | D14: L2 | H14: =IF(E14="L3 - Advanced",3,IF(E14="L2 - Proficient",2,IF(E14="L1 - Developing",1,""))) | I14: =IF(F14="L3 - Advanced",3,IF(F14="L2 - Proficient",2,IF(F14="L1 - Developing",1,""))) | J14: =IF(G14="L3 - Advanced",3,IF(G14="L2 - Proficient",2,IF(G14="L1 - Developing",1,""))) | M14: Negotiation | N14: =H14 | O14: =I14 | P14: =J14 | Q14: 2
B15: Value Creation / Business Case | C15: C | D15: L2 | H15: =IF(E15="L3 - Advanced",3,IF(E15="L2 - Proficient",2,IF(E15="L1 - Developing",1,""))) | I15: =IF(F15="L3 - Advanced",3,IF(F15="L2 - Proficient",2,IF(F15="L1 - Developing",1,""))) | J15: =IF(G15="L3 - Advanced",3,IF(G15="L2 - Proficient",2,IF(G15="L1 - Developing",1,""))) | M15: Value/BizCase | N15: =H15 | O15: =I15 | P15: =J15 | Q15: 2
B16: Customer Relationship Management | C16: SE | D16: L2 | H16: =IF(E16="L3 - Advanced",3,IF(E16="L2 - Proficient",2,IF(E16="L1 - Developing",1,""))) | I16: =IF(F16="L3 - Advanced",3,IF(F16="L2 - Proficient",2,IF(F16="L1 - Developing",1,""))) | J16: =IF(G16="L3 - Advanced",3,IF(G16="L2 - Proficient",2,IF(G16="L1 - Developing",1,""))) | M16: CRM | N16: =H16 | O16: =I16 | P16: =J16 | Q16: 2
B17: Stakeholder Management | C17: SE | D17: L2 | H17: =IF(E17="L3 - Advanced",3,IF(E17="L2 - Proficient",2,IF(E17="L1 - Developing",1,""))) | I17: =IF(F17="L3 - Advanced",3,IF(F17="L2 - Proficient",2,IF(F17="L1 - Developing",1,""))) | J17: =IF(G17="L3 - Advanced",3,IF(G17="L2 - Proficient",2,IF(G17="L1 - Developing",1,""))) | M17: Stakeholder | N17: =H17 | O17: =I17 | P17: =J17 | Q17: 2
B18: Influencing Skills | C18: SE | D18: L2 | H18: =IF(E18="L3 - Advanced",3,IF(E18="L2 - Proficient",2,IF(E18="L1 - Developing",1,""))) | I18: =IF(F18="L3 - Advanced",3,IF(F18="L2 - Proficient",2,IF(F18="L1 - Developing",1,""))) | J18: =IF(G18="L3 - Advanced",3,IF(G18="L2 - Proficient",2,IF(G18="L1 - Developing",1,""))) | M18: Influencing | N18: =H18 | O18: =I18 | P18: =J18 | Q18: 2
B19: Executive Presence | C19: C | D19: L2 | H19: =IF(E19="L3 - Advanced",3,IF(E19="L2 - Proficient",2,IF(E19="L1 - Developing",1,""))) | I19: =IF(F19="L3 - Advanced",3,IF(F19="L2 - Proficient",2,IF(F19="L1 - Developing",1,""))) | J19: =IF(G19="L3 - Advanced",3,IF(G19="L2 - Proficient",2,IF(G19="L1 - Developing",1,""))) | M19: Exec Presence | N19: =H19 | O19: =I19 | P19: =J19 | Q19: 2
B20: C-Level Engagement | C20: C | D20: L2 | H20: =IF(E20="L3 - Advanced",3,IF(E20="L2 - Proficient",2,IF(E20="L1 - Developing",1,""))) | I20: =IF(F20="L3 - Advanced",3,IF(F20="L2 - Proficient",2,IF(F20="L1 - Developing",1,""))) | J20: =IF(G20="L3 - Advanced",3,IF(G20="L2 - Proficient",2,IF(G20="L1 - Developing",1,""))) | M20: C-Level | N20: =H20 | O20: =I20 | P20: =J20 | Q20: 2
B21: Executive Sponsorship Mobilization | C21: C | D21: L2 | H21: =IF(E21="L3 - Advanced",3,IF(E21="L2 - Proficient",2,IF(E21="L1 - Developing",1,""))) | I21: =IF(F21="L3 - Advanced",3,IF(F21="L2 - Proficient",2,IF(F21="L1 - Developing",1,""))) | J21: =IF(G21="L3 - Advanced",3,IF(G21="L2 - Proficient",2,IF(G21="L1 - Developing",1,""))) | M21: Exec Sponsor | N21: =H21 | O21: =I21 | P21: =J21 | Q21: 2
B22: Product Knowledge | C22: SE | D22: L2 | H22: =IF(E22="L3 - Advanced",3,IF(E22="L2 - Proficient",2,IF(E22="L1 - Developing",1,""))) | I22: =IF(F22="L3 - Advanced",3,IF(F22="L2 - Proficient",2,IF(F22="L1 - Developing",1,""))) | J22: =IF(G22="L3 - Advanced",3,IF(G22="L2 - Proficient",2,IF(G22="L1 - Developing",1,""))) | M22: Product Know | N22: =H22 | O22: =I22 | P22: =J22 | Q22: 2
... B32: Software & Services Attach | C32: S | D32: L2 | H32: =IF(E32="L3 - Advanced",3,IF(E32="L2 - Proficient",2,IF(E32="L1 - Developing",1,""))) | I32: =IF(F32="L3 - Advanced",3,IF(F32="L2 - Proficient",2,IF(F32="L1 - Developing",1,""))) | J32: =IF(G32="L3 - Advanced",3,IF(G32="L2 - Proficient",2,IF(G32="L1 - Developing",1,""))) | M32: SW/Svc Attach | N32: =H32 | O32: =I32 | P32: =J32 | Q32: 2
B33: AVERAGE MATURITY SCORE | E33: =IFERROR(AVERAGE(H11:H32),"") | F33: =IFERROR(AVERAGE(I11:I32),"") | G33: =IFERROR(AVERAGE(J11:J32),"") | H33: =IFERROR(AVERAGE(H11:J32),"")

Sheet Basim El-Subihy
B2: SE | D2: Schneider Electric
D3: APEX ASSESSMENT · AM03
B5: Account Manager: Account Manager 3 · Account: Account 3 · Zone: MEA · Track: Acquisition
B7: Account Manager | D7: Account Manager 3 | E7: Account Name | G7: Account 3 | H7: Zone | I7: MEA | J7: Track | K7: Acquisition
B8: Self Assessment Date: | E8: Manager Assessment Date: | H8: APEX Panel Date:
E9: ◀ SELF ASSESSMENT ▶ | F9: ◀ MANAGER ASSESSMENT ▶ | G9: ◀ APEX PANEL ASSESSMENT ▶
B10: Capability | C10: Src | D10: Req Lv | E10: SELF (L1/L2/L3) | F10: MANAGER (L1/L2/L3) | G10: APEX PANEL (L1/L2/L3) | H10: Self # | I10: Mgr # | J10: APEX # | K10: Notes / Evidence & Behavioural Observations | M10: Capability | N10: Self | O10: Manager | P10: APEX | Q10: Target
B11: Account Management | C11: SE | D11: L3 | H11: =IF(E11="L3 - Advanced",3,IF(E11="L2 - Proficient",2,IF(E11="L1 - Developing",1,""))) | I11: =IF(F11="L3 - Advanced",3,IF(F11="L2 - Proficient",2,IF(F11="L1 - Developing",1,""))) | J11: =IF(G11="L3 - Advanced",3,IF(G11="L2 - Proficient",2,IF(G11="L1 - Developing",1,""))) | M11: Acct Mgmt | N11: =H11 | O11: =I11 | P11: =J11 | Q11: 2
B12: Strategic Account Ambition | C12: C | D12: L2 | H12: =IF(E12="L3 - Advanced",3,IF(E12="L2 - Proficient",2,IF(E12="L1 - Developing",1,""))) | I12: =IF(F12="L3 - Advanced",3,IF(F12="L2 - Proficient",2,IF(F12="L1 - Developing",1,""))) | J12: =IF(G12="L3 - Advanced",3,IF(G12="L2 - Proficient",2,IF(G12="L1 - Developing",1,""))) | M12: Strat Ambition | N12: =H12 | O12: =I12 | P12: =J12 | Q12: 2
B13: Consultative Selling | C13: SE | D13: L2 | H13: =IF(E13="L3 - Advanced",3,IF(E13="L2 - Proficient",2,IF(E13="L1 - Developing",1,""))) | I13: =IF(F13="L3 - Advanced",3,IF(F13="L2 - Proficient",2,IF(F13="L1 - Developing",1,""))) | J13: =IF(G13="L3 - Advanced",3,IF(G13="L2 - Proficient",2,IF(G13="L1 - Developing",1,""))) | M13: Consultative | N13: =H13 | O13: =I13 | P13: =J13 | Q13: 2
B14: Negotiation | C14: SE | D14: L2 | H14: =IF(E14="L3 - Advanced",3,IF(E14="L2 - Proficient",2,IF(E14="L1 - Developing",1,""))) | I14: =IF(F14="L3 - Advanced",3,IF(F14="L2 - Proficient",2,IF(F14="L1 - Developing",1,""))) | J14: =IF(G14="L3 - Advanced",3,IF(G14="L2 - Proficient",2,IF(G14="L1 - Developing",1,""))) | M14: Negotiation | N14: =H14 | O14: =I14 | P14: =J14 | Q14: 2
B15: Value Creation / Business Case | C15: C | D15: L2 | H15: =IF(E15="L3 - Advanced",3,IF(E15="L2 - Proficient",2,IF(E15="L1 - Developing",1,""))) | I15: =IF(F15="L3 - Advanced",3,IF(F15="L2 - Proficient",2,IF(F15="L1 - Developing",1,""))) | J15: =IF(G15="L3 - Advanced",3,IF(G15="L2 - Proficient",2,IF(G15="L1 - Developing",1,""))) | M15: Value/BizCase | N15: =H15 | O15: =I15 | P15: =J15 | Q15: 2
B16: Customer Relationship Management | C16: SE | D16: L2 | H16: =IF(E16="L3 - Advanced",3,IF(E16="L2 - Proficient",2,IF(E16="L1 - Developing",1,""))) | I16: =IF(F16="L3 - Advanced",3,IF(F16="L2 - Proficient",2,IF(F16="L1 - Developing",1,""))) | J16: =IF(G16="L3 - Advanced",3,IF(G16="L2 - Proficient",2,IF(G16="L1 - Developing",1,""))) | M16: CRM | N16: =H16 | O16: =I16 | P16: =J16 | Q16: 2
B17: Stakeholder Management | C17: SE | D17: L2 | H17: =IF(E17="L3 - Advanced",3,IF(E17="L2 - Proficient",2,IF(E17="L1 - Developing",1,""))) | I17: =IF(F17="L3 - Advanced",3,IF(F17="L2 - Proficient",2,IF(F17="L1 - Developing",1,""))) | J17: =IF(G17="L3 - Advanced",3,IF(G17="L2 - Proficient",2,IF(G17="L1 - Developing",1,""))) | M17: Stakeholder | N17: =H17 | O17: =I17 | P17: =J17 | Q17: 2
B18: Influencing Skills | C18: SE | D18: L2 | H18: =IF(E18="L3 - Advanced",3,IF(E18="L2 - Proficient",2,IF(E18="L1 - Developing",1,""))) | I18: =IF(F18="L3 - Advanced",3,IF(F18="L2 - Proficient",2,IF(F18="L1 - Developing",1,""))) | J18: =IF(G18="L3 - Advanced",3,IF(G18="L2 - Proficient",2,IF(G18="L1 - Developing",1,""))) | M18: Influencing | N18: =H18 | O18: =I18 | P18: =J18 | Q18: 2
B19: Executive Presence | C19: C | D19: L2 | H19: =IF(E19="L3 - Advanced",3,IF(E19="L2 - Proficient",2,IF(E19="L1 - Developing",1,""))) | I19: =IF(F19="L3 - Advanced",3,IF(F19="L2 - Proficient",2,IF(F19="L1 - Developing",1,""))) | J19: =IF(G19="L3 - Advanced",3,IF(G19="L2 - Proficient",2,IF(G19="L1 - Developing",1,""))) | M19: Exec Presence | N19: =H19 | O19: =I19 | P19: =J19 | Q19: 2
B20: C-Level Engagement | C20: C | D20: L2 | H20: =IF(E20="L3 - Advanced",3,IF(E20="L2 - Proficient",2,IF(E20="L1 - Developing",1,""))) | I20: =IF(F20="L3 - Advanced",3,IF(F20="L2 - Proficient",2,IF(F20="L1 - Developing",1,""))) | J20: =IF(G20="L3 - Advanced",3,IF(G20="L2 - Proficient",2,IF(G20="L1 - Developing",1,""))) | M20: C-Level | N20: =H20 | O20: =I20 | P20: =J20 | Q20: 2
B21: Executive Sponsorship Mobilization | C21: C | D21: L2 | H21: =IF(E21="L3 - Advanced",3,IF(E21="L2 - Proficient",2,IF(E21="L1 - Developing",1,""))) | I21: =IF(F21="L3 - Advanced",3,IF(F21="L2 - Proficient",2,IF(F21="L1 - Developing",1,""))) | J21: =IF(G21="L3 - Advanced",3,IF(G21="L2 - Proficient",2,IF(G21="L1 - Developing",1,""))) | M21: Exec Sponsor | N21: =H21 | O21: =I21 | P21: =J21 | Q21: 2
B22: Product Knowledge | C22: SE | D22: L2 | H22: =IF(E22="L3 - Advanced",3,IF(E22="L2 - Proficient",2,IF(E22="L1 - Developing",1,""))) | I22: =IF(F22="L3 - Advanced",3,IF(F22="L2 - Proficient",2,IF(F22="L1 - Developing",1,""))) | J22: =IF(G22="L3 - Advanced",3,IF(G22="L2 - Proficient",2,IF(G22="L1 - Developing",1,""))) | M22: Product Know | N22: =H22 | O22: =I22 | P22: =J22 | Q22: 2
... B32: Software & Services Attach | C32: S | D32: L2 | H32: =IF(E32="L3 - Advanced",3,IF(E32="L2 - Proficient",2,IF(E32="L1 - Developing",1,""))) | I32: =IF(F32="L3 - Advanced",3,IF(F32="L2 - Proficient",2,IF(F32="L1 - Developing",1,""))) | J32: =IF(G32="L3 - Advanced",3,IF(G32="L2 - Proficient",2,IF(G32="L1 - Developing",1,""))) | M32: SW/Svc Attach | N32: =H32 | O32: =I32 | P32: =J32 | Q32: 2
B33: AVERAGE MATURITY SCORE | E33: =IFERROR(AVERAGE(H11:H32),"") | F33: =IFERROR(AVERAGE(I11:I32),"") | G33: =IFERROR(AVERAGE(J11:J32),"") | H33: =IFERROR(AVERAGE(H11:J32),"")

Sheet Biju Mathew
B2: SE | D2: Schneider Electric
D3: APEX ASSESSMENT · AM04
B5: Account Manager: Account Manager 4 · Account: Account 4 · Zone: MEA · Track: Saturation
B7: Account Manager | D7: Account Manager 4 | E7: Account Name | G7: Account 4 | H7: Zone | I7: MEA | J7: Track | K7: Saturation
B8: Self Assessment Date: | E8: Manager Assessment Date: | H8: APEX Panel Date:
E9: ◀ SELF ASSESSMENT ▶ | F9: ◀ MANAGER ASSESSMENT ▶ | G9: ◀ APEX PANEL ASSESSMENT ▶
B10: Capability | C10: Src | D10: Req Lv | E10: SELF (L1/L2/L3) | F10: MANAGER (L1/L2/L3) | G10: APEX PANEL (L1/L2/L3) | H10: Self # | I10: Mgr # | J10: APEX # | K10: Notes / Evidence & Behavioural Observations | M10: Capability | N10: Self | O10: Manager | P10: APEX | Q10: Target
B11: Account Management | C11: SE | D11: L3 | H11: =IF(E11="L3 - Advanced",3,IF(E11="L2 - Proficient",2,IF(E11="L1 - Developing",1,""))) | I11: =IF(F11="L3 - Advanced",3,IF(F11="L2 - Proficient",2,IF(F11="L1 - Developing",1,""))) | J11: =IF(G11="L3 - Advanced",3,IF(G11="L2 - Proficient",2,IF(G11="L1 - Developing",1,""))) | M11: Acct Mgmt | N11: =H11 | O11: =I11 | P11: =J11 | Q11: 2
B12: Strategic Account Ambition | C12: C | D12: L2 | H12: =IF(E12="L3 - Advanced",3,IF(E12="L2 - Proficient",2,IF(E12="L1 - Developing",1,""))) | I12: =IF(F12="L3 - Advanced",3,IF(F12="L2 - Proficient",2,IF(F12="L1 - Developing",1,""))) | J12: =IF(G12="L3 - Advanced",3,IF(G12="L2 - Proficient",2,IF(G12="L1 - Developing",1,""))) | M12: Strat Ambition | N12: =H12 | O12: =I12 | P12: =J12 | Q12: 2
B13: Consultative Selling | C13: SE | D13: L2 | H13: =IF(E13="L3 - Advanced",3,IF(E13="L2 - Proficient",2,IF(E13="L1 - Developing",1,""))) | I13: =IF(F13="L3 - Advanced",3,IF(F13="L2 - Proficient",2,IF(F13="L1 - Developing",1,""))) | J13: =IF(G13="L3 - Advanced",3,IF(G13="L2 - Proficient",2,IF(G13="L1 - Developing",1,""))) | M13: Consultative | N13: =H13 | O13: =I13 | P13: =J13 | Q13: 2
B14: Negotiation | C14: SE | D14: L2 | H14: =IF(E14="L3 - Advanced",3,IF(E14="L2 - Proficient",2,IF(E14="L1 - Developing",1,""))) | I14: =IF(F14="L3 - Advanced",3,IF(F14="L2 - Proficient",2,IF(F14="L1 - Developing",1,""))) | J14: =IF(G14="L3 - Advanced",3,IF(G14="L2 - Proficient",2,IF(G14="L1 - Developing",1,""))) | M14: Negotiation | N14: =H14 | O14: =I14 | P14: =J14 | Q14: 2
B15: Value Creation / Business Case | C15: C | D15: L2 | H15: =IF(E15="L3 - Advanced",3,IF(E15="L2 - Proficient",2,IF(E15="L1 - Developing",1,""))) | I15: =IF(F15="L3 - Advanced",3,IF(F15="L2 - Proficient",2,IF(F15="L1 - Developing",1,""))) | J15: =IF(G15="L3 - Advanced",3,IF(G15="L2 - Proficient",2,IF(G15="L1 - Developing",1,""))) | M15: Value/BizCase | N15: =H15 | O15: =I15 | P15: =J15 | Q15: 2
B16: Customer Relationship Management | C16: SE | D16: L2 | H16: =IF(E16="L3 - Advanced",3,IF(E16="L2 - Proficient",2,IF(E16="L1 - Developing",1,""))) | I16: =IF(F16="L3 - Advanced",3,IF(F16="L2 - Proficient",2,IF(F16="L1 - Developing",1,""))) | J16: =IF(G16="L3 - Advanced",3,IF(G16="L2 - Proficient",2,IF(G16="L1 - Developing",1,""))) | M16: CRM | N16: =H16 | O16: =I16 | P16: =J16 | Q16: 2
B17: Stakeholder Management | C17: SE | D17: L2 | H17: =IF(E17="L3 - Advanced",3,IF(E17="L2 - Proficient",2,IF(E17="L1 - Developing",1,""))) | I17: =IF(F17="L3 - Advanced",3,IF(F17="L2 - Proficient",2,IF(F17="L1 - Developing",1,""))) | J17: =IF(G17="L3 - Advanced",3,IF(G17="L2 - Proficient",2,IF(G17="L1 - Developing",1,""))) | M17: Stakeholder | N17: =H17 | O17: =I17 | P17: =J17 | Q17: 2
B18: Influencing Skills | C18: SE | D18: L2 | H18: =IF(E18="L3 - Advanced",3,IF(E18="L2 - Proficient",2,IF(E18="L1 - Developing",1,""))) | I18: =IF(F18="L3 - Advanced",3,IF(F18="L2 - Proficient",2,IF(F18="L1 - Developing",1,""))) | J18: =IF(G18="L3 - Advanced",3,IF(G18="L2 - Proficient",2,IF(G18="L1 - Developing",1,""))) | M18: Influencing | N18: =H18 | O18: =I18 | P18: =J18 | Q18: 2
B19: Executive Presence | C19: C | D19: L2 | H19: =IF(E19="L3 - Advanced",3,IF(E19="L2 - Proficient",2,IF(E19="L1 - Developing",1,""))) | I19: =IF(F19="L3 - Advanced",3,IF(F19="L2 - Proficient",2,IF(F19="L1 - Developing",1,""))) | J19: =IF(G19="L3 - Advanced",3,IF(G19="L2 - Proficient",2,IF(G19="L1 - Developing",1,""))) | M19: Exec Presence | N19: =H19 | O19: =I19 | P19: =J19 | Q19: 2
B20: C-Level Engagement | C20: C | D20: L2 | H20: =IF(E20="L3 - Advanced",3,IF(E20="L2 - Proficient",2,IF(E20="L1 - Developing",1,""))) | I20: =IF(F20="L3 - Advanced",3,IF(F20="L2 - Proficient",2,IF(F20="L1 - Developing",1,""))) | J20: =IF(G20="L3 - Advanced",3,IF(G20="L2 - Proficient",2,IF(G20="L1 - Developing",1,""))) | M20: C-Level | N20: =H20 | O20: =I20 | P20: =J20 | Q20: 2
B21: Executive Sponsorship Mobilization | C21: C | D21: L2 | H21: =IF(E21="L3 - Advanced",3,IF(E21="L2 - Proficient",2,IF(E21="L1 - Developing",1,""))) | I21: =IF(F21="L3 - Advanced",3,IF(F21="L2 - Proficient",2,IF(F21="L1 - Developing",1,""))) | J21: =IF(G21="L3 - Advanced",3,IF(G21="L2 - Proficient",2,IF(G21="L1 - Developing",1,""))) | M21: Exec Sponsor | N21: =H21 | O21: =I21 | P21: =J21 | Q21: 2
B22: Product Knowledge | C22: SE | D22: L2 | H22: =IF(E22="L3 - Advanced",3,IF(E22="L2 - Proficient",2,IF(E22="L1 - Developing",1,""))) | I22: =IF(F22="L3 - Advanced",3,IF(F22="L2 - Proficient",2,IF(F22="L1 - Developing",1,""))) | J22: =IF(G22="L3 - Advanced",3,IF(G22="L2 - Proficient",2,IF(G22="L1 - Developing",1,""))) | M22: Product Know | N22: =H22 | O22: =I22 | P22: =J22 | Q22: 2
... B32: Software & Services Attach | C32: S | D32: L2 | H32: =IF(E32="L3 - Advanced",3,IF(E32="L2 - Proficient",2,IF(E32="L1 - Developing",1,""))) | I32: =IF(F32="L3 - Advanced",3,IF(F32="L2 - Proficient",2,IF(F32="L1 - Developing",1,""))) | J32: =IF(G32="L3 - Advanced",3,IF(G32="L2 - Proficient",2,IF(G32="L1 - Developing",1,""))) | M32: SW/Svc Attach | N32: =H32 | O32: =I32 | P32: =J32 | Q32: 2
B33: AVERAGE MATURITY SCORE | E33: =IFERROR(AVERAGE(H11:H32),"") | F33: =IFERROR(AVERAGE(I11:I32),"") | G33: =IFERROR(AVERAGE(J11:J32),"") | H33: =IFERROR(AVERAGE(H11:J32),"")

Sheet Oseid Mohamemed Faqih
B2: SE | D2: Schneider Electric
D3: APEX ASSESSMENT · AM05
B5: Account Manager: Account Manager 5 · Account: Account 5 · Zone: MEA · Track: Acquisition
B7: Account Manager | D7: Account Manager 5 | E7: Account Name | G7: Account 5 | H7: Zone | I7: MEA | J7: Track | K7: Acquisition
B8: Self Assessment Date: | E8: Manager Assessment Date: | H8: APEX Panel Date:
E9: ◀ SELF ASSESSMENT ▶ | F9: ◀ MANAGER ASSESSMENT ▶ | G9: ◀ APEX PANEL ASSESSMENT ▶
B10: Capability | C10: Src | D10: Req Lv | E10: SELF (L1/L2/L3) | F10: MANAGER (L1/L2/L3) | G10: APEX PANEL (L1/L2/L3) | H10: Self # | I10: Mgr # | J10: APEX # | K10: Notes / Evidence & Behavioural Observations | M10: Capability | N10: Self | O10: Manager | P10: APEX | Q10: Target
B11: Account Management | C11: SE | D11: L3 | H11: =IF(E11="L3 - Advanced",3,IF(E11="L2 - Proficient",2,IF(E11="L1 - Developing",1,""))) | I11: =IF(F11="L3 - Advanced",3,IF(F11="L2 - Proficient",2,IF(F11="L1 - Developing",1,""))) | J11: =IF(G11="L3 - Advanced",3,IF(G11="L2 - Proficient",2,IF(G11="L1 - Developing",1,""))) | M11: Acct Mgmt | N11: =H11 | O11: =I11 | P11: =J11 | Q11: 2
B12: Strategic Account Ambition | C12: C | D12: L2 | H12: =IF(E12="L3 - Advanced",3,IF(E12="L2 - Proficient",2,IF(E12="L1 - Developing",1,""))) | I12: =IF(F12="L3 - Advanced",3,IF(F12="L2 - Proficient",2,IF(F12="L1 - Developing",1,""))) | J12: =IF(G12="L3 - Advanced",3,IF(G12="L2 - Proficient",2,IF(G12="L1 - Developing",1,""))) | M12: Strat Ambition | N12: =H12 | O12: =I12 | P12: =J12 | Q12: 2
B13: Consultative Selling | C13: SE | D13: L2 | H13: =IF(E13="L3 - Advanced",3,IF(E13="L2 - Proficient",2,IF(E13="L1 - Developing",1,""))) | I13: =IF(F13="L3 - Advanced",3,IF(F13="L2 - Proficient",2,IF(F13="L1 - Developing",1,""))) | J13: =IF(G13="L3 - Advanced",3,IF(G13="L2 - Proficient",2,IF(G13="L1 - Developing",1,""))) | M13: Consultative | N13: =H13 | O13: =I13 | P13: =J13 | Q13: 2
B14: Negotiation | C14: SE | D14: L2 | H14: =IF(E14="L3 - Advanced",3,IF(E14="L2 - Proficient",2,IF(E14="L1 - Developing",1,""))) | I14: =IF(F14="L3 - Advanced",3,IF(F14="L2 - Proficient",2,IF(F14="L1 - Developing",1,""))) | J14: =IF(G14="L3 - Advanced",3,IF(G14="L2 - Proficient",2,IF(G14="L1 - Developing",1,""))) | M14: Negotiation | N14: =H14 | O14: =I14 | P14: =J14 | Q14: 2
B15: Value Creation / Business Case | C15: C | D15: L2 | H15: =IF(E15="L3 - Advanced",3,IF(E15="L2 - Proficient",2,IF(E15="L1 - Developing",1,""))) | I15: =IF(F15="L3 - Advanced",3,IF(F15="L2 - Proficient",2,IF(F15="L1 - Developing",1,""))) | J15: =IF(G15="L3 - Advanced",3,IF(G15="L2 - Proficient",2,IF(G15="L1 - Developing",1,""))) | M15: Value/BizCase | N15: =H15 | O15: =I15 | P15: =J15 | Q15: 2
B16: Customer Relationship Management | C16: SE | D16: L2 | H16: =IF(E16="L3 - Advanced",3,IF(E16="L2 - Proficient",2,IF(E16="L1 - Developing",1,""))) | I16: =IF(F16="L3 - Advanced",3,IF(F16="L2 - Proficient",2,IF(F16="L1 - Developing",1,""))) | J16: =IF(G16="L3 - Advanced",3,IF(G16="L2 - Proficient",2,IF(G16="L1 - Developing",1,""))) | M16: CRM | N16: =H16 | O16: =I16 | P16: =J16 | Q16: 2
B17: Stakeholder Management | C17: SE | D17: L2 | H17: =IF(E17="L3 - Advanced",3,IF(E17="L2 - Proficient",2,IF(E17="L1 - Developing",1,""))) | I17: =IF(F17="L3 - Advanced",3,IF(F17="L2 - Proficient",2,IF(F17="L1 - Developing",1,""))) | J17: =IF(G17="L3 - Advanced",3,IF(G17="L2 - Proficient",2,IF(G17="L1 - Developing",1,""))) | M17: Stakeholder | N17: =H17 | O17: =I17 | P17: =J17 | Q17: 2
B18: Influencing Skills | C18: SE | D18: L2 | H18: =IF(E18="L3 - Advanced",3,IF(E18="L2 - Proficient",2,IF(E18="L1 - Developing",1,""))) | I18: =IF(F18="L3 - Advanced",3,IF(F18="L2 - Proficient",2,IF(F18="L1 - Developing",1,""))) | J18: =IF(G18="L3 - Advanced",3,IF(G18="L2 - Proficient",2,IF(G18="L1 - Developing",1,""))) | M18: Influencing | N18: =H18 | O18: =I18 | P18: =J18 | Q18: 2
B19: Executive Presence | C19: C | D19: L2 | H19: =IF(E19="L3 - Advanced",3,IF(E19="L2 - Proficient",2,IF(E19="L1 - Developing",1,""))) | I19: =IF(F19="L3 - Advanced",3,IF(F19="L2 - Proficient",2,IF(F19="L1 - Developing",1,""))) | J19: =IF(G19="L3 - Advanced",3,IF(G19="L2 - Proficient",2,IF(G19="L1 - Developing",1,""))) | M19: Exec Presence | N19: =H19 | O19: =I19 | P19: =J19 | Q19: 2
B20: C-Level Engagement | C20: C | D20: L2 | H20: =IF(E20="L3 - Advanced",3,IF(E20="L2 - Proficient",2,IF(E20="L1 - Developing",1,""))) | I20: =IF(F20="L3 - Advanced",3,IF(F20="L2 - Proficient",2,IF(F20="L1 - Developing",1,""))) | J20: =IF(G20="L3 - Advanced",3,IF(G20="L2 - Proficient",2,IF(G20="L1 - Developing",1,""))) | M20: C-Level | N20: =H20 | O20: =I20 | P20: =J20 | Q20: 2
B21: Executive Sponsorship Mobilization | C21: C | D21: L2 | H21: =IF(E21="L3 - Advanced",3,IF(E21="L2 - Proficient",2,IF(E21="L1 - Developing",1,""))) | I21: =IF(F21="L3 - Advanced",3,IF(F21="L2 - Proficient",2,IF(F21="L1 - Developing",1,""))) | J21: =IF(G21="L3 - Advanced",3,IF(G21="L2 - Proficient",2,IF(G21="L1 - Developing",1,""))) | M21: Exec Sponsor | N21: =H21 | O21: =I21 | P21: =J21 | Q21: 2
B22: Product Knowledge | C22: SE | D22: L2 | H22: =IF(E22="L3 - Advanced",3,IF(E22="L2 - Proficient",2,IF(E22="L1 - Developing",1,""))) | I22: =IF(F22="L3 - Advanced",3,IF(F22="L2 - Proficient",2,IF(F22="L1 - Developing",1,""))) | J22: =IF(G22="L3 - Advanced",3,IF(G22="L2 - Proficient",2,IF(G22="L1 - Developing",1,""))) | M22: Product Know | N22: =H22 | O22: =I22 | P22: =J22 | Q22: 2
... B32: Software & Services Attach | C32: S | D32: L2 | H32: =IF(E32="L3 - Advanced",3,IF(E32="L2 - Proficient",2,IF(E32="L1 - Developing",1,""))) | I32: =IF(F32="L3 - Advanced",3,IF(F32="L2 - Proficient",2,IF(F32="L1 - Developing",1,""))) | J32: =IF(G32="L3 - Advanced",3,IF(G32="L2 - Proficient",2,IF(G32="L1 - Developing",1,""))) | M32: SW/Svc Attach | N32: =H32 | O32: =I32 | P32: =J32 | Q32: 2
B33: AVERAGE MATURITY SCORE | E33: =IFERROR(AVERAGE(H11:H32),"") | F33: =IFERROR(AVERAGE(I11:I32),"") | G33: =IFERROR(AVERAGE(J11:J32),"") | H33: =IFERROR(AVERAGE(H11:J32),"")

Sheet Kamel Bedrane
B2: SE | D2: Schneider Electric
D3: APEX ASSESSMENT · AM06
B5: Account Manager: Account Manager 6 · Account: Account 6 · Zone: MEA · Track: Acquisition
B7: Account Manager | D7: Account Manager 6 | E7: Account Name | G7: Account 6 | H7: Zone | I7: MEA | J7: Track | K7: Acquisition
B8: Self Assessment Date: | E8: Manager Assessment Date: | H8: APEX Panel Date:
E9: ◀ SELF ASSESSMENT ▶ | F9: ◀ MANAGER ASSESSMENT ▶ | G9: ◀ APEX PANEL ASSESSMENT ▶
B10: Capability | C10: Src | D10: Req Lv | E10: SELF (L1/L2/L3) | F10: MANAGER (L1/L2/L3) | G10: APEX PANEL (L1/L2/L3) | H10: Self # | I10: Mgr # | J10: APEX # | K10: Notes / Evidence & Behavioural Observations | M10: Capability | N10: Self | O10: Manager | P10: APEX | Q10: Target
B11: Account Management | C11: SE | D11: L3 | H11: =IF(E11="L3 - Advanced",3,IF(E11="L2 - Proficient",2,IF(E11="L1 - Developing",1,""))) | I11: =IF(F11="L3 - Advanced",3,IF(F11="L2 - Proficient",2,IF(F11="L1 - Developing",1,""))) | J11: =IF(G11="L3 - Advanced",3,IF(G11="L2 - Proficient",2,IF(G11="L1 - Developing",1,""))) | M11: Acct Mgmt | N11: =H11 | O11: =I11 | P11: =J11 | Q11: 2
B12: Strategic Account Ambition | C12: C | D12: L2 | H12: =IF(E12="L3 - Advanced",3,IF(E12="L2 - Proficient",2,IF(E12="L1 - Developing",1,""))) | I12: =IF(F12="L3 - Advanced",3,IF(F12="L2 - Proficient",2,IF(F12="L1 - Developing",1,""))) | J12: =IF(G12="L3 - Advanced",3,IF(G12="L2 - Proficient",2,IF(G12="L1 - Developing",1,""))) | M12: Strat Ambition | N12: =H12 | O12: =I12 | P12: =J12 | Q12: 2
B13: Consultative Selling | C13: SE | D13: L2 | H13: =IF(E13="L3 - Advanced",3,IF(E13="L2 - Proficient",2,IF(E13="L1 - Developing",1,""))) | I13: =IF(F13="L3 - Advanced",3,IF(F13="L2 - Proficient",2,IF(F13="L1 - Developing",1,""))) | J13: =IF(G13="L3 - Advanced",3,IF(G13="L2 - Proficient",2,IF(G13="L1 - Developing",1,""))) | M13: Consultative | N13: =H13 | O13: =I13 | P13: =J13 | Q13: 2
B14: Negotiation | C14: SE | D14: L2 | H14: =IF(E14="L3 - Advanced",3,IF(E14="L2 - Proficient",2,IF(E14="L1 - Developing",1,""))) | I14: =IF(F14="L3 - Advanced",3,IF(F14="L2 - Proficient",2,IF(F14="L1 - Developing",1,""))) | J14: =IF(G14="L3 - Advanced",3,IF(G14="L2 - Proficient",2,IF(G14="L1 - Developing",1,""))) | M14: Negotiation | N14: =H14 | O14: =I14 | P14: =J14 | Q14: 2
B15: Value Creation / Business Case | C15: C | D15: L2 | H15: =IF(E15="L3 - Advanced",3,IF(E15="L2 - Proficient",2,IF(E15="L1 - Developing",1,""))) | I15: =IF(F15="L3 - Advanced",3,IF(F15="L2 - Proficient",2,IF(F15="L1 - Developing",1,""))) | J15: =IF(G15="L3 - Advanced",3,IF(G15="L2 - Proficient",2,IF(G15="L1 - Developing",1,""))) | M15: Value/BizCase | N15: =H15 | O15: =I15 | P15: =J15 | Q15: 2
B16: Customer Relationship Management | C16: SE | D16: L2 | H16: =IF(E16="L3 - Advanced",3,IF(E16="L2 - Proficient",2,IF(E16="L1 - Developing",1,""))) | I16: =IF(F16="L3 - Advanced",3,IF(F16="L2 - Proficient",2,IF(F16="L1 - Developing",1,""))) | J16: =IF(G16="L3 - Advanced",3,IF(G16="L2 - Proficient",2,IF(G16="L1 - Developing",1,""))) | M16: CRM | N16: =H16 | O16: =I16 | P16: =J16 | Q16: 2
B17: Stakeholder Management | C17: SE | D17: L2 | H17: =IF(E17="L3 - Advanced",3,IF(E17="L2 - Proficient",2,IF(E17="L1 - Developing",1,""))) | I17: =IF(F17="L3 - Advanced",3,IF(F17="L2 - Proficient",2,IF(F17="L1 - Developing",1,""))) | J17: =IF(G17="L3 - Advanced",3,IF(G17="L2 - Proficient",2,IF(G17="L1 - Developing",1,""))) | M17: Stakeholder | N17: =H17 | O17: =I17 | P17: =J17 | Q17: 2
B18: Influencing Skills | C18: SE | D18: L2 | H18: =IF(E18="L3 - Advanced",3,IF(E18="L2 - Proficient",2,IF(E18="L1 - Developing",1,""))) | I18: =IF(F18="L3 - Advanced",3,IF(F18="L2 - Proficient",2,IF(F18="L1 - Developing",1,""))) | J18: =IF(G18="L3 - Advanced",3,IF(G18="L2 - Proficient",2,IF(G18="L1 - Developing",1,""))) | M18: Influencing | N18: =H18 | O18: =I18 | P18: =J18 | Q18: 2
B19: Executive Presence | C19: C | D19: L2 | H19: =IF(E19="L3 - Advanced",3,IF(E19="L2 - Proficient",2,IF(E19="L1 - Developing",1,""))) | I19: =IF(F19="L3 - Advanced",3,IF(F19="L2 - Proficient",2,IF(F19="L1 - Developing",1,""))) | J19: =IF(G19="L3 - Advanced",3,IF(G19="L2 - Proficient",2,IF(G19="L1 - Developing",1,""))) | M19: Exec Presence | N19: =H19 | O19: =I19 | P19: =J19 | Q19: 2
B20: C-Level Engagement | C20: C | D20: L2 | H20: =IF(E20="L3 - Advanced",3,IF(E20="L2 - Proficient",2,IF(E20="L1 - Developing",1,""))) | I20: =IF(F20="L3 - Advanced",3,IF(F20="L2 - Proficient",2,IF(F20="L1 - Developing",1,""))) | J20: =IF(G20="L3 - Advanced",3,IF(G20="L2 - Proficient",2,IF(G20="L1 - Developing",1,""))) | M20: C-Level | N20: =H20 | O20: =I20 | P20: =J20 | Q20: 2
B21: Executive Sponsorship Mobilization | C21: C | D21: L2 | H21: =IF(E21="L3 - Advanced",3,IF(E21="L2 - Proficient",2,IF(E21="L1 - Developing",1,""))) | I21: =IF(F21="L3 - Advanced",3,IF(F21="L2 - Proficient",2,IF(F21="L1 - Developing",1,""))) | J21: =IF(G21="L3 - Advanced",3,IF(G21="L2 - Proficient",2,IF(G21="L1 - Developing",1,""))) | M21: Exec Sponsor | N21: =H21 | O21: =I21 | P21: =J21 | Q21: 2
B22: Product Knowledge | C22: SE | D22: L2 | H22: =IF(E22="L3 - Advanced",3,IF(E22="L2 - Proficient",2,IF(E22="L1 - Developing",1,""))) | I22: =IF(F22="L3 - Advanced",3,IF(F22="L2 - Proficient",2,IF(F22="L1 - Developing",1,""))) | J22: =IF(G22="L3 - Advanced",3,IF(G22="L2 - Proficient",2,IF(G22="L1 - Developing",1,""))) | M22: Product Know | N22: =H22 | O22: =I22 | P22: =J22 | Q22: 2
... B32: Software & Services Attach | C32: S | D32: L2 | H32: =IF(E32="L3 - Advanced",3,IF(E32="L2 - Proficient",2,IF(E32="L1 - Developing",1,""))) | I32: =IF(F32="L3 - Advanced",3,IF(F32="L2 - Proficient",2,IF(F32="L1 - Developing",1,""))) | J32: =IF(G32="L3 - Advanced",3,IF(G32="L2 - Proficient",2,IF(G32="L1 - Developing",1,""))) | M32: SW/Svc Attach | N32: =H32 | O32: =I32 | P32: =J32 | Q32: 2
B33: AVERAGE MATURITY SCORE | E33: =IFERROR(AVERAGE(H11:H32),"") | F33: =IFERROR(AVERAGE(I11:I32),"") | G33: =IFERROR(AVERAGE(J11:J32),"") | H33: =IFERROR(AVERAGE(H11:J32),"")

Sheet Moamen Mohamed Ahmed Ibrahim
B2: SE | D2: Schneider Electric
D3: APEX ASSESSMENT · AM07
B5: Account Manager: Account Manager 7 · Account: Account 7 · Zone: SAM · Track: Saturation
B7: Account Manager | D7: Account Manager 7 | E7: Account Name | G7: Account 7 | H7: Zone | I7: MEA | J7: Track | K7: Saturation
B8: Self Assessment Date: | E8: Manager Assessment Date: | H8: APEX Panel Date:
E9: ◀ SELF ASSESSMENT ▶ | F9: ◀ MANAGER ASSESSMENT ▶ | G9: ◀ APEX PANEL ASSESSMENT ▶
B10: Capability | C10: Src | D10: Req Lv | E10: SELF (L1/L2/L3) | F10: MANAGER (L1/L2/L3) | G10: APEX PANEL (L1/L2/L3) | H10: Self # | I10: Mgr # | J10: APEX # | K10: Notes / Evidence & Behavioural Observations | M10: Capability | N10: Self | O10: Manager | P10: APEX | Q10: Target
B11: Account Management | C11: SE | D11: L3 | H11: =IF(E11="L3 - Advanced",3,IF(E11="L2 - Proficient",2,IF(E11="L1 - Developing",1,""))) | I11: =IF(F11="L3 - Advanced",3,IF(F11="L2 - Proficient",2,IF(F11="L1 - Developing",1,""))) | J11: =IF(G11="L3 - Advanced",3,IF(G11="L2 - Proficient",2,IF(G11="L1 - Developing",1,""))) | M11: Acct Mgmt | N11: =H11 | O11: =I11 | P11: =J11 | Q11: 2
B12: Strategic Account Ambition | C12: C | D12: L2 | H12: =IF(E12="L3 - Advanced",3,IF(E12="L2 - Proficient",2,IF(E12="L1 - Developing",1,""))) | I12: =IF(F12="L3 - Advanced",3,IF(F12="L2 - Proficient",2,IF(F12="L1 - Developing",1,""))) | J12: =IF(G12="L3 - Advanced",3,IF(G12="L2 - Proficient",2,IF(G12="L1 - Developing",1,""))) | M12: Strat Ambition | N12: =H12 | O12: =I12 | P12: =J12 | Q12: 2
B13: Consultative Selling | C13: SE | D13: L2 | H13: =IF(E13="L3 - Advanced",3,IF(E13="L2 - Proficient",2,IF(E13="L1 - Developing",1,""))) | I13: =IF(F13="L3 - Advanced",3,IF(F13="L2 - Proficient",2,IF(F13="L1 - Developing",1,""))) | J13: =IF(G13="L3 - Advanced",3,IF(G13="L2 - Proficient",2,IF(G13="L1 - Developing",1,""))) | M13: Consultative | N13: =H13 | O13: =I13 | P13: =J13 | Q13: 2
B14: Negotiation | C14: SE | D14: L2 | H14: =IF(E14="L3 - Advanced",3,IF(E14="L2 - Proficient",2,IF(E14="L1 - Developing",1,""))) | I14: =IF(F14="L3 - Advanced",3,IF(F14="L2 - Proficient",2,IF(F14="L1 - Developing",1,""))) | J14: =IF(G14="L3 - Advanced",3,IF(G14="L2 - Proficient",2,IF(G14="L1 - Developing",1,""))) | M14: Negotiation | N14: =H14 | O14: =I14 | P14: =J14 | Q14: 2
B15: Value Creation / Business Case | C15: C | D15: L2 | H15: =IF(E15="L3 - Advanced",3,IF(E15="L2 - Proficient",2,IF(E15="L1 - Developing",1,""))) | I15: =IF(F15="L3 - Advanced",3,IF(F15="L2 - Proficient",2,IF(F15="L1 - Developing",1,""))) | J15: =IF(G15="L3 - Advanced",3,IF(G15="L2 - Proficient",2,IF(G15="L1 - Developing",1,""))) | M15: Value/BizCase | N15: =H15 | O15: =I15 | P15: =J15 | Q15: 2
B16: Customer Relationship Management | C16: SE | D16: L2 | H16: =IF(E16="L3 - Advanced",3,IF(E16="L2 - Proficient",2,IF(E16="L1 - Developing",1,""))) | I16: =IF(F16="L3 - Advanced",3,IF(F16="L2 - Proficient",2,IF(F16="L1 - Developing",1,""))) | J16: =IF(G16="L3 - Advanced",3,IF(G16="L2 - Proficient",2,IF(G16="L1 - Developing",1,""))) | M16: CRM | N16: =H16 | O16: =I16 | P16: =J16 | Q16: 2
B17: Stakeholder Management | C17: SE | D17: L2 | H17: =IF(E17="L3 - Advanced",3,IF(E17="L2 - Proficient",2,IF(E17="L1 - Developing",1,""))) | I17: =IF(F17="L3 - Advanced",3,IF(F17="L2 - Proficient",2,IF(F17="L1 - Developing",1,""))) | J17: =IF(G17="L3 - Advanced",3,IF(G17="L2 - Proficient",2,IF(G17="L1 - Developing",1,""))) | M17: Stakeholder | N17: =H17 | O17: =I17 | P17: =J17 | Q17: 2
B18: Influencing Skills | C18: SE | D18: L2 | H18: =IF(E18="L3 - Advanced",3,IF(E18="L2 - Proficient",2,IF(E18="L1 - Developing",1,""))) | I18: =IF(F18="L3 - Advanced",3,IF(F18="L2 - Proficient",2,IF(F18="L1 - Developing",1,""))) | J18: =IF(G18="L3 - Advanced",3,IF(G18="L2 - Proficient",2,IF(G18="L1 - Developing",1,""))) | M18: Influencing | N18: =H18 | O18: =I18 | P18: =J18 | Q18: 2
B19: Executive Presence | C19: C | D19: L2 | H19: =IF(E19="L3 - Advanced",3,IF(E19="L2 - Proficient",2,IF(E19="L1 - Developing",1,""))) | I19: =IF(F19="L3 - Advanced",3,IF(F19="L2 - Proficient",2,IF(F19="L1 - Developing",1,""))) | J19: =IF(G19="L3 - Advanced",3,IF(G19="L2 - Proficient",2,IF(G19="L1 - Developing",1,""))) | M19: Exec Presence | N19: =H19 | O19: =I19 | P19: =J19 | Q19: 2
B20: C-Level Engagement | C20: C | D20: L2 | H20: =IF(E20="L3 - Advanced",3,IF(E20="L2 - Proficient",2,IF(E20="L1 - Developing",1,""))) | I20: =IF(F20="L3 - Advanced",3,IF(F20="L2 - Proficient",2,IF(F20="L1 - Developing",1,""))) | J20: =IF(G20="L3 - Advanced",3,IF(G20="L2 - Proficient",2,IF(G20="L1 - Developing",1,""))) | M20: C-Level | N20: =H20 | O20: =I20 | P20: =J20 | Q20: 2
B21: Executive Sponsorship Mobilization | C21: C | D21: L2 | H21: =IF(E21="L3 - Advanced",3,IF(E21="L2 - Proficient",2,IF(E21="L1 - Developing",1,""))) | I21: =IF(F21="L3 - Advanced",3,IF(F21="L2 - Proficient",2,IF(F21="L1 - Developing",1,""))) | J21: =IF(G21="L3 - Advanced",3,IF(G21="L2 - Proficient",2,IF(G21="L1 - Developing",1,""))) | M21: Exec Sponsor | N21: =H21 | O21: =I21 | P21: =J21 | Q21: 2
B22: Product Knowledge | C22: SE | D22: L2 | H22: =IF(E22="L3 - Advanced",3,IF(E22="L2 - Proficient",2,IF(E22="L1 - Developing",1,""))) | I22: =IF(F22="L3 - Advanced",3,IF(F22="L2 - Proficient",2,IF(F22="L1 - Developing",1,""))) | J22: =IF(G22="L3 - Advanced",3,IF(G22="L2 - Proficient",2,IF(G22="L1 - Developing",1,""))) | M22: Product Know | N22: =H22 | O22: =I22 | P22: =J22 | Q22: 2
... B32: Software & Services Attach | C32: S | D32: L2 | H32: =IF(E32="L3 - Advanced",3,IF(E32="L2 - Proficient",2,IF(E32="L1 - Developing",1,""))) | I32: =IF(F32="L3 - Advanced",3,IF(F32="L2 - Proficient",2,IF(F32="L1 - Developing",1,""))) | J32: =IF(G32="L3 - Advanced",3,IF(G32="L2 - Proficient",2,IF(G32="L1 - Developing",1,""))) | M32: SW/Svc Attach | N32: =H32 | O32: =I32 | P32: =J32 | Q32: 2
B33: AVERAGE MATURITY SCORE | E33: =IFERROR(AVERAGE(H11:H32),"") | F33: =IFERROR(AVERAGE(I11:I32),"") | G33: =IFERROR(AVERAGE(J11:J32),"") | H33: =IFERROR(AVERAGE(H11:J32),"")

Sheet Ahmed Abdel-Maugod
B2: SE | D2: Schneider Electric
D3: APEX ASSESSMENT · AM08
B5: Account Manager: Account Manager 8 · Account: Account 8 · Zone: SAM · Track: Acquisition
B7: Account Manager | D7: Account Manager 8 | E7: Account Name | G7: Account 8 | H7: Zone | I7: MEA | J7: Track | K7: Acquisition
B8: Self Assessment Date: | E8: Manager Assessment Date: | H8: APEX Panel Date:
E9: ◀ SELF ASSESSMENT ▶ | F9: ◀ MANAGER ASSESSMENT ▶ | G9: ◀ APEX PANEL ASSESSMENT ▶
B10: Capability | C10: Src | D10: Req Lv | E10: SELF (L1/L2/L3) | F10: MANAGER (L1/L2/L3) | G10: APEX PANEL (L1/L2/L3) | H10: Self # | I10: Mgr # | J10: APEX # | K10: Notes / Evidence & Behavioural Observations | M10: Capability | N10: Self | O10: Manager | P10: APEX | Q10: Target
B11: Account Management | C11: SE | D11: L3 | H11: =IF(E11="L3 - Advanced",3,IF(E11="L2 - Proficient",2,IF(E11="L1 - Developing",1,""))) | I11: =IF(F11="L3 - Advanced",3,IF(F11="L2 - Proficient",2,IF(F11="L1 - Developing",1,""))) | J11: =IF(G11="L3 - Advanced",3,IF(G11="L2 - Proficient",2,IF(G11="L1 - Developing",1,""))) | M11: Acct Mgmt | N11: =H11 | O11: =I11 | P11: =J11 | Q11: 2
B12: Strategic Account Ambition | C12: C | D12: L2 | H12: =IF(E12="L3 - Advanced",3,IF(E12="L2 - Proficient",2,IF(E12="L1 - Developing",1,""))) | I12: =IF(F12="L3 - Advanced",3,IF(F12="L2 - Proficient",2,IF(F12="L1 - Developing",1,""))) | J12: =IF(G12="L3 - Advanced",3,IF(G12="L2 - Proficient",2,IF(G12="L1 - Developing",1,""))) | M12: Strat Ambition | N12: =H12 | O12: =I12 | P12: =J12 | Q12: 2
B13: Consultative Selling | C13: SE | D13: L2 | H13: =IF(E13="L3 - Advanced",3,IF(E13="L2 - Proficient",2,IF(E13="L1 - Developing",1,""))) | I13: =IF(F13="L3 - Advanced",3,IF(F13="L2 - Proficient",2,IF(F13="L1 - Developing",1,""))) | J13: =IF(G13="L3 - Advanced",3,IF(G13="L2 - Proficient",2,IF(G13="L1 - Developing",1,""))) | M13: Consultative | N13: =H13 | O13: =I13 | P13: =J13 | Q13: 2
B14: Negotiation | C14: SE | D14: L2 | H14: =IF(E14="L3 - Advanced",3,IF(E14="L2 - Proficient",2,IF(E14="L1 - Developing",1,""))) | I14: =IF(F14="L3 - Advanced",3,IF(F14="L2 - Proficient",2,IF(F14="L1 - Developing",1,""))) | J14: =IF(G14="L3 - Advanced",3,IF(G14="L2 - Proficient",2,IF(G14="L1 - Developing",1,""))) | M14: Negotiation | N14: =H14 | O14: =I14 | P14: =J14 | Q14: 2
B15: Value Creation / Business Case | C15: C | D15: L2 | H15: =IF(E15="L3 - Advanced",3,IF(E15="L2 - Proficient",2,IF(E15="L1 - Developing",1,""))) | I15: =IF(F15="L3 - Advanced",3,IF(F15="L2 - Proficient",2,IF(F15="L1 - Developing",1,""))) | J15: =IF(G15="L3 - Advanced",3,IF(G15="L2 - Proficient",2,IF(G15="L1 - Developing",1,""))) | M15: Value/BizCase | N15: =H15 | O15: =I15 | P15: =J15 | Q15: 2
B16: Customer Relationship Management | C16: SE | D16: L2 | H16: =IF(E16="L3 - Advanced",3,IF(E16="L2 - Proficient",2,IF(E16="L1 - Developing",1,""))) | I16: =IF(F16="L3 - Advanced",3,IF(F16="L2 - Proficient",2,IF(F16="L1 - Developing",1,""))) | J16: =IF(G16="L3 - Advanced",3,IF(G16="L2 - Proficient",2,IF(G16="L1 - Developing",1,""))) | M16: CRM | N16: =H16 | O16: =I16 | P16: =J16 | Q16: 2
B17: Stakeholder Management | C17: SE | D17: L2 | H17: =IF(E17="L3 - Advanced",3,IF(E17="L2 - Proficient",2,IF(E17="L1 - Developing",1,""))) | I17: =IF(F17="L3 - Advanced",3,IF(F17="L2 - Proficient",2,IF(F17="L1 - Developing",1,""))) | J17: =IF(G17="L3 - Advanced",3,IF(G17="L2 - Proficient",2,IF(G17="L1 - Developing",1,""))) | M17: Stakeholder | N17: =H17 | O17: =I17 | P17: =J17 | Q17: 2
B18: Influencing Skills | C18: SE | D18: L2 | H18: =IF(E18="L3 - Advanced",3,IF(E18="L2 - Proficient",2,IF(E18="L1 - Developing",1,""))) | I18: =IF(F18="L3 - Advanced",3,IF(F18="L2 - Proficient",2,IF(F18="L1 - Developing",1,""))) | J18: =IF(G18="L3 - Advanced",3,IF(G18="L2 - Proficient",2,IF(G18="L1 - Developing",1,""))) | M18: Influencing | N18: =H18 | O18: =I18 | P18: =J18 | Q18: 2
B19: Executive Presence | C19: C | D19: L2 | H19: =IF(E19="L3 - Advanced",3,IF(E19="L2 - Proficient",2,IF(E19="L1 - Developing",1,""))) | I19: =IF(F19="L3 - Advanced",3,IF(F19="L2 - Proficient",2,IF(F19="L1 - Developing",1,""))) | J19: =IF(G19="L3 - Advanced",3,IF(G19="L2 - Proficient",2,IF(G19="L1 - Developing",1,""))) | M19: Exec Presence | N19: =H19 | O19: =I19 | P19: =J19 | Q19: 2
B20: C-Level Engagement | C20: C | D20: L2 | H20: =IF(E20="L3 - Advanced",3,IF(E20="L2 - Proficient",2,IF(E20="L1 - Developing",1,""))) | I20: =IF(F20="L3 - Advanced",3,IF(F20="L2 - Proficient",2,IF(F20="L1 - Developing",1,""))) | J20: =IF(G20="L3 - Advanced",3,IF(G20="L2 - Proficient",2,IF(G20="L1 - Developing",1,""))) | M20: C-Level | N20: =H20 | O20: =I20 | P20: =J20 | Q20: 2
B21: Executive Sponsorship Mobilization | C21: C | D21: L2 | H21: =IF(E21="L3 - Advanced",3,IF(E21="L2 - Proficient",2,IF(E21="L1 - Developing",1,""))) | I21: =IF(F21="L3 - Advanced",3,IF(F21="L2 - Proficient",2,IF(F21="L1 - Developing",1,""))) | J21: =IF(G21="L3 - Advanced",3,IF(G21="L2 - Proficient",2,IF(G21="L1 - Developing",1,""))) | M21: Exec Sponsor | N21: =H21 | O21: =I21 | P21: =J21 | Q21: 2
B22: Product Knowledge | C22: SE | D22: L2 | H22: =IF(E22="L3 - Advanced",3,IF(E22="L2 - Proficient",2,IF(E22="L1 - Developing",1,""))) | I22: =IF(F22="L3 - Advanced",3,IF(F22="L2 - Proficient",2,IF(F22="L1 - Developing",1,""))) | J22: =IF(G22="L3 - Advanced",3,IF(G22="L2 - Proficient",2,IF(G22="L1 - Developing",1,""))) | M22: Product Know | N22: =H22 | O22: =I22 | P22: =J22 | Q22: 2
... B32: Software & Services Attach | C32: S | D32: L2 | H32: =IF(E32="L3 - Advanced",3,IF(E32="L2 - Proficient",2,IF(E32="L1 - Developing",1,""))) | I32: =IF(F32="L3 - Advanced",3,IF(F32="L2 - Proficient",2,IF(F32="L1 - Developing",1,""))) | J32: =IF(G32="L3 - Advanced",3,IF(G32="L2 - Proficient",2,IF(G32="L1 - Developing",1,""))) | M32: SW/Svc Attach | N32: =H32 | O32: =I32 | P32: =J32 | Q32: 2
B33: AVERAGE MATURITY SCORE | E33: =IFERROR(AVERAGE(H11:H32),"") | F33: =IFERROR(AVERAGE(I11:I32),"") | G33: =IFERROR(AVERAGE(J11:J32),"") | H33: =IFERROR(AVERAGE(H11:J32),"")

Sheet Moteeb Albaqami
B2: SE | D2: Schneider Electric
D3: APEX ASSESSMENT · AM09
B5: Account Manager: Account Manager 9 · Account: Account 9 · Zone: SAM · Track: Saturation
B7: Account Manager | D7: Account Manager 9 | E7: Account Name | G7: Account 9 | H7: Zone | I7: MEA | J7: Track | K7: Saturation
B8: Self Assessment Date: | E8: Manager Assessment Date: | H8: APEX Panel Date:
E9: ◀ SELF ASSESSMENT ▶ | F9: ◀ MANAGER ASSESSMENT ▶ | G9: ◀ APEX PANEL ASSESSMENT ▶
B10: Capability | C10: Src | D10: Req Lv | E10: SELF (L1/L2/L3) | F10: MANAGER (L1/L2/L3) | G10: APEX PANEL (L1/L2/L3) | H10: Self # | I10: Mgr # | J10: APEX # | K10: Notes / Evidence & Behavioural Observations | M10: Capability | N10: Self | O10: Manager | P10: APEX | Q10: Target
B11: Account Management | C11: SE | D11: L3 | H11: =IF(E11="L3 - Advanced",3,IF(E11="L2 - Proficient",2,IF(E11="L1 - Developing",1,""))) | I11: =IF(F11="L3 - Advanced",3,IF(F11="L2 - Proficient",2,IF(F11="L1 - Developing",1,""))) | J11: =IF(G11="L3 - Advanced",3,IF(G11="L2 - Proficient",2,IF(G11="L1 - Developing",1,""))) | M11: Acct Mgmt | N11: =H11 | O11: =I11 | P11: =J11 | Q11: 2
B12: Strategic Account Ambition | C12: C | D12: L2 | H12: =IF(E12="L3 - Advanced",3,IF(E12="L2 - Proficient",2,IF(E12="L1 - Developing",1,""))) | I12: =IF(F12="L3 - Advanced",3,IF(F12="L2 - Proficient",2,IF(F12="L1 - Developing",1,""))) | J12: =IF(G12="L3 - Advanced",3,IF(G12="L2 - Proficient",2,IF(G12="L1 - Developing",1,""))) | M12: Strat Ambition | N12: =H12 | O12: =I12 | P12: =J12 | Q12: 2
B13: Consultative Selling | C13: SE | D13: L2 | H13: =IF(E13="L3 - Advanced",3,IF(E13="L2 - Proficient",2,IF(E13="L1 - Developing",1,""))) | I13: =IF(F13="L3 - Advanced",3,IF(F13="L2 - Proficient",2,IF(F13="L1 - Developing",1,""))) | J13: =IF(G13="L3 - Advanced",3,IF(G13="L2 - Proficient",2,IF(G13="L1 - Developing",1,""))) | M13: Consultative | N13: =H13 | O13: =I13 | P13: =J13 | Q13: 2
B14: Negotiation | C14: SE | D14: L2 | H14: =IF(E14="L3 - Advanced",3,IF(E14="L2 - Proficient",2,IF(E14="L1 - Developing",1,""))) | I14: =IF(F14="L3 - Advanced",3,IF(F14="L2 - Proficient",2,IF(F14="L1 - Developing",1,""))) | J14: =IF(G14="L3 - Advanced",3,IF(G14="L2 - Proficient",2,IF(G14="L1 - Developing",1,""))) | M14: Negotiation | N14: =H14 | O14: =I14 | P14: =J14 | Q14: 2
B15: Value Creation / Business Case | C15: C | D15: L2 | H15: =IF(E15="L3 - Advanced",3,IF(E15="L2 - Proficient",2,IF(E15="L1 - Developing",1,""))) | I15: =IF(F15="L3 - Advanced",3,IF(F15="L2 - Proficient",2,IF(F15="L1 - Developing",1,""))) | J15: =IF(G15="L3 - Advanced",3,IF(G15="L2 - Proficient",2,IF(G15="L1 - Developing",1,""))) | M15: Value/BizCase | N15: =H15 | O15: =I15 | P15: =J15 | Q15: 2
B16: Customer Relationship Management | C16: SE | D16: L2 | H16: =IF(E16="L3 - Advanced",3,IF(E16="L2 - Proficient",2,IF(E16="L1 - Developing",1,""))) | I16: =IF(F16="L3 - Advanced",3,IF(F16="L2 - Proficient",2,IF(F16="L1 - Developing",1,""))) | J16: =IF(G16="L3 - Advanced",3,IF(G16="L2 - Proficient",2,IF(G16="L1 - Developing",1,""))) | M16: CRM | N16: =H16 | O16: =I16 | P16: =J16 | Q16: 2
B17: Stakeholder Management | C17: SE | D17: L2 | H17: =IF(E17="L3 - Advanced",3,IF(E17="L2 - Proficient",2,IF(E17="L1 - Developing",1,""))) | I17: =IF(F17="L3 - Advanced",3,IF(F17="L2 - Proficient",2,IF(F17="L1 - Developing",1,""))) | J17: =IF(G17="L3 - Advanced",3,IF(G17="L2 - Proficient",2,IF(G17="L1 - Developing",1,""))) | M17: Stakeholder | N17: =H17 | O17: =I17 | P17: =J17 | Q17: 2
B18: Influencing Skills | C18: SE | D18: L2 | H18: =IF(E18="L3 - Advanced",3,IF(E18="L2 - Proficient",2,IF(E18="L1 - Developing",1,""))) | I18: =IF(F18="L3 - Advanced",3,IF(F18="L2 - Proficient",2,IF(F18="L1 - Developing",1,""))) | J18: =IF(G18="L3 - Advanced",3,IF(G18="L2 - Proficient",2,IF(G18="L1 - Developing",1,""))) | M18: Influencing | N18: =H18 | O18: =I18 | P18: =J18 | Q18: 2
B19: Executive Presence | C19: C | D19: L2 | H19: =IF(E19="L3 - Advanced",3,IF(E19="L2 - Proficient",2,IF(E19="L1 - Developing",1,""))) | I19: =IF(F19="L3 - Advanced",3,IF(F19="L2 - Proficient",2,IF(F19="L1 - Developing",1,""))) | J19: =IF(G19="L3 - Advanced",3,IF(G19="L2 - Proficient",2,IF(G19="L1 - Developing",1,""))) | M19: Exec Presence | N19: =H19 | O19: =I19 | P19: =J19 | Q19: 2
B20: C-Level Engagement | C20: C | D20: L2 | H20: =IF(E20="L3 - Advanced",3,IF(E20="L2 - Proficient",2,IF(E20="L1 - Developing",1,""))) | I20: =IF(F20="L3 - Advanced",3,IF(F20="L2 - Proficient",2,IF(F20="L1 - Developing",1,""))) | J20: =IF(G20="L3 - Advanced",3,IF(G20="L2 - Proficient",2,IF(G20="L1 - Developing",1,""))) | M20: C-Level | N20: =H20 | O20: =I20 | P20: =J20 | Q20: 2
B21: Executive Sponsorship Mobilization | C21: C | D21: L2 | H21: =IF(E21="L3 - Advanced",3,IF(E21="L2 - Proficient",2,IF(E21="L1 - Developing",1,""))) | I21: =IF(F21="L3 - Advanced",3,IF(F21="L2 - Proficient",2,IF(F21="L1 - Developing",1,""))) | J21: =IF(G21="L3 - Advanced",3,IF(G21="L2 - Proficient",2,IF(G21="L1 - Developing",1,""))) | M21: Exec Sponsor | N21: =H21 | O21: =I21 | P21: =J21 | Q21: 2
B22: Product Knowledge | C22: SE | D22: L2 | H22: =IF(E22="L3 - Advanced",3,IF(E22="L2 - Proficient",2,IF(E22="L1 - Developing",1,""))) | I22: =IF(F22="L3 - Advanced",3,IF(F22="L2 - Proficient",2,IF(F22="L1 - Developing",1,""))) | J22: =IF(G22="L3 - Advanced",3,IF(G22="L2 - Proficient",2,IF(G22="L1 - Developing",1,""))) | M22: Product Know | N22: =H22 | O22: =I22 | P22: =J22 | Q22: 2
... B32: Software & Services Attach | C32: S | D32: L2 | H32: =IF(E32="L3 - Advanced",3,IF(E32="L2 - Proficient",2,IF(E32="L1 - Developing",1,""))) | I32: =IF(F32="L3 - Advanced",3,IF(F32="L2 - Proficient",2,IF(F32="L1 - Developing",1,""))) | J32: =IF(G32="L3 - Advanced",3,IF(G32="L2 - Proficient",2,IF(G32="L1 - Developing",1,""))) | M32: SW/Svc Attach | N32: =H32 | O32: =I32 | P32: =J32 | Q32: 2
B33: AVERAGE MATURITY SCORE | E33: =IFERROR(AVERAGE(H11:H32),"") | F33: =IFERROR(AVERAGE(I11:I32),"") | G33: =IFERROR(AVERAGE(J11:J32),"") | H33: =IFERROR(AVERAGE(H11:J32),"")

Sheet Anny Rodrigues de Assis 
B2: SE | D2: Schneider Electric
D3: APEX ASSESSMENT · AM10
B5: Account Manager: Account Manager 10 · Account: Account 10 · Zone: SAM · Track: Saturation
B7: Account Manager | D7: Account Manager 10 | E7: Account Name | G7: Account 10 | H7: Zone | I7: SAM | J7: Track | K7: Saturation
B8: Self Assessment Date: | E8: Manager Assessment Date: | H8: APEX Panel Date:
E9: ◀ SELF ASSESSMENT ▶ | F9: ◀ MANAGER ASSESSMENT ▶ | G9: ◀ APEX PANEL ASSESSMENT ▶
B10: Capability | C10: Src | D10: Req Lv | E10: SELF (L1/L2/L3) | F10: MANAGER (L1/L2/L3) | G10: APEX PANEL (L1/L2/L3) | H10: Self # | I10: Mgr # | J10: APEX # | K10: Notes / Evidence & Behavioural Observations | M10: Capability | N10: Self | O10: Manager | P10: APEX | Q10: Target
B11: Account Management | C11: SE | D11: L3 | H11: =IF(E11="L3 - Advanced",3,IF(E11="L2 - Proficient",2,IF(E11="L1 - Developing",1,""))) | I11: =IF(F11="L3 - Advanced",3,IF(F11="L2 - Proficient",2,IF(F11="L1 - Developing",1,""))) | J11: =IF(G11="L3 - Advanced",3,IF(G11="L2 - Proficient",2,IF(G11="L1 - Developing",1,""))) | M11: Acct Mgmt | N11: =H11 | O11: =I11 | P11: =J11 | Q11: 2
B12: Strategic Account Ambition | C12: C | D12: L2 | H12: =IF(E12="L3 - Advanced",3,IF(E12="L2 - Proficient",2,IF(E12="L1 - Developing",1,""))) | I12: =IF(F12="L3 - Advanced",3,IF(F12="L2 - Proficient",2,IF(F12="L1 - Developing",1,""))) | J12: =IF(G12="L3 - Advanced",3,IF(G12="L2 - Proficient",2,IF(G12="L1 - Developing",1,""))) | M12: Strat Ambition | N12: =H12 | O12: =I12 | P12: =J12 | Q12: 2
B13: Consultative Selling | C13: SE | D13: L2 | H13: =IF(E13="L3 - Advanced",3,IF(E13="L2 - Proficient",2,IF(E13="L1 - Developing",1,""))) | I13: =IF(F13="L3 - Advanced",3,IF(F13="L2 - Proficient",2,IF(F13="L1 - Developing",1,""))) | J13: =IF(G13="L3 - Advanced",3,IF(G13="L2 - Proficient",2,IF(G13="L1 - Developing",1,""))) | M13: Consultative | N13: =H13 | O13: =I13 | P13: =J13 | Q13: 2
B14: Negotiation | C14: SE | D14: L2 | H14: =IF(E14="L3 - Advanced",3,IF(E14="L2 - Proficient",2,IF(E14="L1 - Developing",1,""))) | I14: =IF(F14="L3 - Advanced",3,IF(F14="L2 - Proficient",2,IF(F14="L1 - Developing",1,""))) | J14: =IF(G14="L3 - Advanced",3,IF(G14="L2 - Proficient",2,IF(G14="L1 - Developing",1,""))) | M14: Negotiation | N14: =H14 | O14: =I14 | P14: =J14 | Q14: 2
B15: Value Creation / Business Case | C15: C | D15: L2 | H15: =IF(E15="L3 - Advanced",3,IF(E15="L2 - Proficient",2,IF(E15="L1 - Developing",1,""))) | I15: =IF(F15="L3 - Advanced",3,IF(F15="L2 - Proficient",2,IF(F15="L1 - Developing",1,""))) | J15: =IF(G15="L3 - Advanced",3,IF(G15="L2 - Proficient",2,IF(G15="L1 - Developing",1,""))) | M15: Value/BizCase | N15: =H15 | O15: =I15 | P15: =J15 | Q15: 2
B16: Customer Relationship Management | C16: SE | D16: L2 | H16: =IF(E16="L3 - Advanced",3,IF(E16="L2 - Proficient",2,IF(E16="L1 - Developing",1,""))) | I16: =IF(F16="L3 - Advanced",3,IF(F16="L2 - Proficient",2,IF(F16="L1 - Developing",1,""))) | J16: =IF(G16="L3 - Advanced",3,IF(G16="L2 - Proficient",2,IF(G16="L1 - Developing",1,""))) | M16: CRM | N16: =H16 | O16: =I16 | P16: =J16 | Q16: 2
B17: Stakeholder Management | C17: SE | D17: L2 | H17: =IF(E17="L3 - Advanced",3,IF(E17="L2 - Proficient",2,IF(E17="L1 - Developing",1,""))) | I17: =IF(F17="L3 - Advanced",3,IF(F17="L2 - Proficient",2,IF(F17="L1 - Developing",1,""))) | J17: =IF(G17="L3 - Advanced",3,IF(G17="L2 - Proficient",2,IF(G17="L1 - Developing",1,""))) | M17: Stakeholder | N17: =H17 | O17: =I17 | P17: =J17 | Q17: 2
B18: Influencing Skills | C18: SE | D18: L2 | H18: =IF(E18="L3 - Advanced",3,IF(E18="L2 - Proficient",2,IF(E18="L1 - Developing",1,""))) | I18: =IF(F18="L3 - Advanced",3,IF(F18="L2 - Proficient",2,IF(F18="L1 - Developing",1,""))) | J18: =IF(G18="L3 - Advanced",3,IF(G18="L2 - Proficient",2,IF(G18="L1 - Developing",1,""))) | M18: Influencing | N18: =H18 | O18: =I18 | P18: =J18 | Q18: 2
B19: Executive Presence | C19: C | D19: L2 | H19: =IF(E19="L3 - Advanced",3,IF(E19="L2 - Proficient",2,IF(E19="L1 - Developing",1,""))) | I19: =IF(F19="L3 - Advanced",3,IF(F19="L2 - Proficient",2,IF(F19="L1 - Developing",1,""))) | J19: =IF(G19="L3 - Advanced",3,IF(G19="L2 - Proficient",2,IF(G19="L1 - Developing",1,""))) | M19: Exec Presence | N19: =H19 | O19: =I19 | P19: =J19 | Q19: 2
B20: C-Level Engagement | C20: C | D20: L2 | H20: =IF(E20="L3 - Advanced",3,IF(E20="L2 - Proficient",2,IF(E20="L1 - Developing",1,""))) | I20: =IF(F20="L3 - Advanced",3,IF(F20="L2 - Proficient",2,IF(F20="L1 - Developing",1,""))) | J20: =IF(G20="L3 - Advanced",3,IF(G20="L2 - Proficient",2,IF(G20="L1 - Developing",1,""))) | M20: C-Level | N20: =H20 | O20: =I20 | P20: =J20 | Q20: 2
B21: Executive Sponsorship Mobilization | C21: C | D21: L2 | H21: =IF(E21="L3 - Advanced",3,IF(E21="L2 - Proficient",2,IF(E21="L1 - Developing",1,""))) | I21: =IF(F21="L3 - Advanced",3,IF(F21="L2 - Proficient",2,IF(F21="L1 - Developing",1,""))) | J21: =IF(G21="L3 - Advanced",3,IF(G21="L2 - Proficient",2,IF(G21="L1 - Developing",1,""))) | M21: Exec Sponsor | N21: =H21 | O21: =I21 | P21: =J21 | Q21: 2
B22: Product Knowledge | C22: SE | D22: L2 | H22: =IF(E22="L3 - Advanced",3,IF(E22="L2 - Proficient",2,IF(E22="L1 - Developing",1,""))) | I22: =IF(F22="L3 - Advanced",3,IF(F22="L2 - Proficient",2,IF(F22="L1 - Developing",1,""))) | J22: =IF(G22="L3 - Advanced",3,IF(G22="L2 - Proficient",2,IF(G22="L1 - Developing",1,""))) | M22: Product Know | N22: =H22 | O22: =I22 | P22: =J22 | Q22: 2
... B32: Software & Services Attach | C32: S | D32: L2 | H32: =IF(E32="L3 - Advanced",3,IF(E32="L2 - Proficient",2,IF(E32="L1 - Developing",1,""))) | I32: =IF(F32="L3 - Advanced",3,IF(F32="L2 - Proficient",2,IF(F32="L1 - Developing",1,""))) | J32: =IF(G32="L3 - Advanced",3,IF(G32="L2 - Proficient",2,IF(G32="L1 - Developing",1,""))) | M32: SW/Svc Attach | N32: =H32 | O32: =I32 | P32: =J32 | Q32: 2
B33: AVERAGE MATURITY SCORE | E33: =IFERROR(AVERAGE(H11:H32),"") | F33: =IFERROR(AVERAGE(I11:I32),"") | G33: =IFERROR(AVERAGE(J11:J32),"") | H33: =IFERROR(AVERAGE(H11:J32),"")

Sheet Eduardo Salles de Carvalho
B2: SE | D2: Schneider Electric
D3: APEX ASSESSMENT · AM11
B5: Account Manager: Account Manager 11 · Account: Account 11 · Zone: SAM · Track: Acquisition
B7: Account Manager | D7: Account Manager 11 | E7: Account Name | G7: Account 11 | H7: Zone | I7: SAM | J7: Track | K7: Acquisition
B8: Self Assessment Date: | E8: Manager Assessment Date: | H8: APEX Panel Date:
E9: ◀ SELF ASSESSMENT ▶ | F9: ◀ MANAGER ASSESSMENT ▶ | G9: ◀ APEX PANEL ASSESSMENT ▶
B10: Capability | C10: Src | D10: Req Lv | E10: SELF (L1/L2/L3) | F10: MANAGER (L1/L2/L3) | G10: APEX PANEL (L1/L2/L3) | H10: Self # | I10: Mgr # | J10: APEX # | K10: Notes / Evidence & Behavioural Observations | M10: Capability | N10: Self | O10: Manager | P10: APEX | Q10: Target
B11: Account Management | C11: SE | D11: L3 | H11: =IF(E11="L3 - Advanced",3,IF(E11="L2 - Proficient",2,IF(E11="L1 - Developing",1,""))) | I11: =IF(F11="L3 - Advanced",3,IF(F11="L2 - Proficient",2,IF(F11="L1 - Developing",1,""))) | J11: =IF(G11="L3 - Advanced",3,IF(G11="L2 - Proficient",2,IF(G11="L1 - Developing",1,""))) | M11: Acct Mgmt | N11: =H11 | O11: =I11 | P11: =J11 | Q11: 2
B12: Strategic Account Ambition | C12: C | D12: L2 | H12: =IF(E12="L3 - Advanced",3,IF(E12="L2 - Proficient",2,IF(E12="L1 - Developing",1,""))) | I12: =IF(F12="L3 - Advanced",3,IF(F12="L2 - Proficient",2,IF(F12="L1 - Developing",1,""))) | J12: =IF(G12="L3 - Advanced",3,IF(G12="L2 - Proficient",2,IF(G12="L1 - Developing",1,""))) | M12: Strat Ambition | N12: =H12 | O12: =I12 | P12: =J12 | Q12: 2
B13: Consultative Selling | C13: SE | D13: L2 | H13: =IF(E13="L3 - Advanced",3,IF(E13="L2 - Proficient",2,IF(E13="L1 - Developing",1,""))) | I13: =IF(F13="L3 - Advanced",3,IF(F13="L2 - Proficient",2,IF(F13="L1 - Developing",1,""))) | J13: =IF(G13="L3 - Advanced",3,IF(G13="L2 - Proficient",2,IF(G13="L1 - Developing",1,""))) | M13: Consultative | N13: =H13 | O13: =I13 | P13: =J13 | Q13: 2
B14: Negotiation | C14: SE | D14: L2 | H14: =IF(E14="L3 - Advanced",3,IF(E14="L2 - Proficient",2,IF(E14="L1 - Developing",1,""))) | I14: =IF(F14="L3 - Advanced",3,IF(F14="L2 - Proficient",2,IF(F14="L1 - Developing",1,""))) | J14: =IF(G14="L3 - Advanced",3,IF(G14="L2 - Proficient",2,IF(G14="L1 - Developing",1,""))) | M14: Negotiation | N14: =H14 | O14: =I14 | P14: =J14 | Q14: 2
B15: Value Creation / Business Case | C15: C | D15: L2 | H15: =IF(E15="L3 - Advanced",3,IF(E15="L2 - Proficient",2,IF(E15="L1 - Developing",1,""))) | I15: =IF(F15="L3 - Advanced",3,IF(F15="L2 - Proficient",2,IF(F15="L1 - Developing",1,""))) | J15: =IF(G15="L3 - Advanced",3,IF(G15="L2 - Proficient",2,IF(G15="L1 - Developing",1,""))) | M15: Value/BizCase | N15: =H15 | O15: =I15 | P15: =J15 | Q15: 2
B16: Customer Relationship Management | C16: SE | D16: L2 | H16: =IF(E16="L3 - Advanced",3,IF(E16="L2 - Proficient",2,IF(E16="L1 - Developing",1,""))) | I16: =IF(F16="L3 - Advanced",3,IF(F16="L2 - Proficient",2,IF(F16="L1 - Developing",1,""))) | J16: =IF(G16="L3 - Advanced",3,IF(G16="L2 - Proficient",2,IF(G16="L1 - Developing",1,""))) | M16: CRM | N16: =H16 | O16: =I16 | P16: =J16 | Q16: 2
B17: Stakeholder Management | C17: SE | D17: L2 | H17: =IF(E17="L3 - Advanced",3,IF(E17="L2 - Proficient",2,IF(E17="L1 - Developing",1,""))) | I17: =IF(F17="L3 - Advanced",3,IF(F17="L2 - Proficient",2,IF(F17="L1 - Developing",1,""))) | J17: =IF(G17="L3 - Advanced",3,IF(G17="L2 - Proficient",2,IF(G17="L1 - Developing",1,""))) | M17: Stakeholder | N17: =H17 | O17: =I17 | P17: =J17 | Q17: 2
B18: Influencing Skills | C18: SE | D18: L2 | H18: =IF(E18="L3 - Advanced",3,IF(E18="L2 - Proficient",2,IF(E18="L1 - Developing",1,""))) | I18: =IF(F18="L3 - Advanced",3,IF(F18="L2 - Proficient",2,IF(F18="L1 - Developing",1,""))) | J18: =IF(G18="L3 - Advanced",3,IF(G18="L2 - Proficient",2,IF(G18="L1 - Developing",1,""))) | M18: Influencing | N18: =H18 | O18: =I18 | P18: =J18 | Q18: 2
B19: Executive Presence | C19: C | D19: L2 | H19: =IF(E19="L3 - Advanced",3,IF(E19="L2 - Proficient",2,IF(E19="L1 - Developing",1,""))) | I19: =IF(F19="L3 - Advanced",3,IF(F19="L2 - Proficient",2,IF(F19="L1 - Developing",1,""))) | J19: =IF(G19="L3 - Advanced",3,IF(G19="L2 - Proficient",2,IF(G19="L1 - Developing",1,""))) | M19: Exec Presence | N19: =H19 | O19: =I19 | P19: =J19 | Q19: 2
B20: C-Level Engagement | C20: C | D20: L2 | H20: =IF(E20="L3 - Advanced",3,IF(E20="L2 - Proficient",2,IF(E20="L1 - Developing",1,""))) | I20: =IF(F20="L3 - Advanced",3,IF(F20="L2 - Proficient",2,IF(F20="L1 - Developing",1,""))) | J20: =IF(G20="L3 - Advanced",3,IF(G20="L2 - Proficient",2,IF(G20="L1 - Developing",1,""))) | M20: C-Level | N20: =H20 | O20: =I20 | P20: =J20 | Q20: 2
B21: Executive Sponsorship Mobilization | C21: C | D21: L2 | H21: =IF(E21="L3 - Advanced",3,IF(E21="L2 - Proficient",2,IF(E21="L1 - Developing",1,""))) | I21: =IF(F21="L3 - Advanced",3,IF(F21="L2 - Proficient",2,IF(F21="L1 - Developing",1,""))) | J21: =IF(G21="L3 - Advanced",3,IF(G21="L2 - Proficient",2,IF(G21="L1 - Developing",1,""))) | M21: Exec Sponsor | N21: =H21 | O21: =I21 | P21: =J21 | Q21: 2
B22: Product Knowledge | C22: SE | D22: L2 | H22: =IF(E22="L3 - Advanced",3,IF(E22="L2 - Proficient",2,IF(E22="L1 - Developing",1,""))) | I22: =IF(F22="L3 - Advanced",3,IF(F22="L2 - Proficient",2,IF(F22="L1 - Developing",1,""))) | J22: =IF(G22="L3 - Advanced",3,IF(G22="L2 - Proficient",2,IF(G22="L1 - Developing",1,""))) | M22: Product Know | N22: =H22 | O22: =I22 | P22: =J22 | Q22: 2
... B32: Software & Services Attach | C32: S | D32: L2 | H32: =IF(E32="L3 - Advanced",3,IF(E32="L2 - Proficient",2,IF(E32="L1 - Developing",1,""))) | I32: =IF(F32="L3 - Advanced",3,IF(F32="L2 - Proficient",2,IF(F32="L1 - Developing",1,""))) | J32: =IF(G32="L3 - Advanced",3,IF(G32="L2 - Proficient",2,IF(G32="L1 - Developing",1,""))) | M32: SW/Svc Attach | N32: =H32 | O32: =I32 | P32: =J32 | Q32: 2
B33: AVERAGE MATURITY SCORE | E33: =IFERROR(AVERAGE(H11:H32),"") | F33: =IFERROR(AVERAGE(I11:I32),"") | G33: =IFERROR(AVERAGE(J11:J32),"") | H33: =IFERROR(AVERAGE(H11:J32),"")

Sheet Marco Antonio Martins
B2: SE | D2: Schneider Electric
D3: APEX ASSESSMENT · AM12
B5: Account Manager: Account Manager 12 · Account: Account 12 · Zone: SAM · Track: Acquisition
B7: Account Manager | D7: Account Manager 12 | E7: Account Name | G7: Account 12 | H7: Zone | I7: SAM | J7: Track | K7: Acquisition
B8: Self Assessment Date: | E8: Manager Assessment Date: | H8: APEX Panel Date:
E9: ◀ SELF ASSESSMENT ▶ | F9: ◀ MANAGER ASSESSMENT ▶ | G9: ◀ APEX PANEL ASSESSMENT ▶
B10: Capability | C10: Src | D10: Req Lv | E10: SELF (L1/L2/L3) | F10: MANAGER (L1/L2/L3) | G10: APEX PANEL (L1/L2/L3) | H10: Self # | I10: Mgr # | J10: APEX # | K10: Notes / Evidence & Behavioural Observations | M10: Capability | N10: Self | O10: Manager | P10: APEX | Q10: Target
B11: Account Management | C11: SE | D11: L3 | H11: =IF(E11="L3 - Advanced",3,IF(E11="L2 - Proficient",2,IF(E11="L1 - Developing",1,""))) | I11: =IF(F11="L3 - Advanced",3,IF(F11="L2 - Proficient",2,IF(F11="L1 - Developing",1,""))) | J11: =IF(G11="L3 - Advanced",3,IF(G11="L2 - Proficient",2,IF(G11="L1 - Developing",1,""))) | M11: Acct Mgmt | N11: =H11 | O11: =I11 | P11: =J11 | Q11: 2
B12: Strategic Account Ambition | C12: C | D12: L2 | H12: =IF(E12="L3 - Advanced",3,IF(E12="L2 - Proficient",2,IF(E12="L1 - Developing",1,""))) | I12: =IF(F12="L3 - Advanced",3,IF(F12="L2 - Proficient",2,IF(F12="L1 - Developing",1,""))) | J12: =IF(G12="L3 - Advanced",3,IF(G12="L2 - Proficient",2,IF(G12="L1 - Developing",1,""))) | M12: Strat Ambition | N12: =H12 | O12: =I12 | P12: =J12 | Q12: 2
B13: Consultative Selling | C13: SE | D13: L2 | H13: =IF(E13="L3 - Advanced",3,IF(E13="L2 - Proficient",2,IF(E13="L1 - Developing",1,""))) | I13: =IF(F13="L3 - Advanced",3,IF(F13="L2 - Proficient",2,IF(F13="L1 - Developing",1,""))) | J13: =IF(G13="L3 - Advanced",3,IF(G13="L2 - Proficient",2,IF(G13="L1 - Developing",1,""))) | M13: Consultative | N13: =H13 | O13: =I13 | P13: =J13 | Q13: 2
B14: Negotiation | C14: SE | D14: L2 | H14: =IF(E14="L3 - Advanced",3,IF(E14="L2 - Proficient",2,IF(E14="L1 - Developing",1,""))) | I14: =IF(F14="L3 - Advanced",3,IF(F14="L2 - Proficient",2,IF(F14="L1 - Developing",1,""))) | J14: =IF(G14="L3 - Advanced",3,IF(G14="L2 - Proficient",2,IF(G14="L1 - Developing",1,""))) | M14: Negotiation | N14: =H14 | O14: =I14 | P14: =J14 | Q14: 2
B15: Value Creation / Business Case | C15: C | D15: L2 | H15: =IF(E15="L3 - Advanced",3,IF(E15="L2 - Proficient",2,IF(E15="L1 - Developing",1,""))) | I15: =IF(F15="L3 - Advanced",3,IF(F15="L2 - Proficient",2,IF(F15="L1 - Developing",1,""))) | J15: =IF(G15="L3 - Advanced",3,IF(G15="L2 - Proficient",2,IF(G15="L1 - Developing",1,""))) | M15: Value/BizCase | N15: =H15 | O15: =I15 | P15: =J15 | Q15: 2
B16: Customer Relationship Management | C16: SE | D16: L2 | H16: =IF(E16="L3 - Advanced",3,IF(E16="L2 - Proficient",2,IF(E16="L1 - Developing",1,""))) | I16: =IF(F16="L3 - Advanced",3,IF(F16="L2 - Proficient",2,IF(F16="L1 - Developing",1,""))) | J16: =IF(G16="L3 - Advanced",3,IF(G16="L2 - Proficient",2,IF(G16="L1 - Developing",1,""))) | M16: CRM | N16: =H16 | O16: =I16 | P16: =J16 | Q16: 2
B17: Stakeholder Management | C17: SE | D17: L2 | H17: =IF(E17="L3 - Advanced",3,IF(E17="L2 - Proficient",2,IF(E17="L1 - Developing",1,""))) | I17: =IF(F17="L3 - Advanced",3,IF(F17="L2 - Proficient",2,IF(F17="L1 - Developing",1,""))) | J17: =IF(G17="L3 - Advanced",3,IF(G17="L2 - Proficient",2,IF(G17="L1 - Developing",1,""))) | M17: Stakeholder | N17: =H17 | O17: =I17 | P17: =J17 | Q17: 2
B18: Influencing Skills | C18: SE | D18: L2 | H18: =IF(E18="L3 - Advanced",3,IF(E18="L2 - Proficient",2,IF(E18="L1 - Developing",1,""))) | I18: =IF(F18="L3 - Advanced",3,IF(F18="L2 - Proficient",2,IF(F18="L1 - Developing",1,""))) | J18: =IF(G18="L3 - Advanced",3,IF(G18="L2 - Proficient",2,IF(G18="L1 - Developing",1,""))) | M18: Influencing | N18: =H18 | O18: =I18 | P18: =J18 | Q18: 2
B19: Executive Presence | C19: C | D19: L2 | H19: =IF(E19="L3 - Advanced",3,IF(E19="L2 - Proficient",2,IF(E19="L1 - Developing",1,""))) | I19: =IF(F19="L3 - Advanced",3,IF(F19="L2 - Proficient",2,IF(F19="L1 - Developing",1,""))) | J19: =IF(G19="L3 - Advanced",3,IF(G19="L2 - Proficient",2,IF(G19="L1 - Developing",1,""))) | M19: Exec Presence | N19: =H19 | O19: =I19 | P19: =J19 | Q19: 2
B20: C-Level Engagement | C20: C | D20: L2 | H20: =IF(E20="L3 - Advanced",3,IF(E20="L2 - Proficient",2,IF(E20="L1 - Developing",1,""))) | I20: =IF(F20="L3 - Advanced",3,IF(F20="L2 - Proficient",2,IF(F20="L1 - Developing",1,""))) | J20: =IF(G20="L3 - Advanced",3,IF(G20="L2 - Proficient",2,IF(G20="L1 - Developing",1,""))) | M20: C-Level | N20: =H20 | O20: =I20 | P20: =J20 | Q20: 2
B21: Executive Sponsorship Mobilization | C21: C | D21: L2 | H21: =IF(E21="L3 - Advanced",3,IF(E21="L2 - Proficient",2,IF(E21="L1 - Developing",1,""))) | I21: =IF(F21="L3 - Advanced",3,IF(F21="L2 - Proficient",2,IF(F21="L1 - Developing",1,""))) | J21: =IF(G21="L3 - Advanced",3,IF(G21="L2 - Proficient",2,IF(G21="L1 - Developing",1,""))) | M21: Exec Sponsor | N21: =H21 | O21: =I21 | P21: =J21 | Q21: 2
B22: Product Knowledge | C22: SE | D22: L2 | H22: =IF(E22="L3 - Advanced",3,IF(E22="L2 - Proficient",2,IF(E22="L1 - Developing",1,""))) | I22: =IF(F22="L3 - Advanced",3,IF(F22="L2 - Proficient",2,IF(F22="L1 - Developing",1,""))) | J22: =IF(G22="L3 - Advanced",3,IF(G22="L2 - Proficient",2,IF(G22="L1 - Developing",1,""))) | M22: Product Know | N22: =H22 | O22: =I22 | P22: =J22 | Q22: 2
... B32: Software & Services Attach | C32: S | D32: L2 | H32: =IF(E32="L3 - Advanced",3,IF(E32="L2 - Proficient",2,IF(E32="L1 - Developing",1,""))) | I32: =IF(F32="L3 - Advanced",3,IF(F32="L2 - Proficient",2,IF(F32="L1 - Developing",1,""))) | J32: =IF(G32="L3 - Advanced",3,IF(G32="L2 - Proficient",2,IF(G32="L1 - Developing",1,""))) | M32: SW/Svc Attach | N32: =H32 | O32: =I32 | P32: =J32 | Q32: 2
B33: AVERAGE MATURITY SCORE | E33: =IFERROR(AVERAGE(H11:H32),"") | F33: =IFERROR(AVERAGE(I11:I32),"") | G33: =IFERROR(AVERAGE(J11:J32),"") | H33: =IFERROR(AVERAGE(H11:J32),"")

Sheet AM13
B2: SE | D2: Schneider Electric
D3: APEX ASSESSMENT · AM13
B5: Account Manager: Account Manager 13 · Account: Account 13 · Zone: India · Track: Saturation
B7: Account Manager | D7: Account Manager 13 | E7: Account Name | G7: Account 13 | H7: Zone | I7: India | J7: Track | K7: Saturation
B8: Self Assessment Date: | E8: Manager Assessment Date: | H8: APEX Panel Date:
E9: ◀ SELF ASSESSMENT ▶ | F9: ◀ MANAGER ASSESSMENT ▶ | G9: ◀ APEX PANEL ASSESSMENT ▶
B10: Capability | C10: Src | D10: Req Lv | E10: SELF (L1/L2/L3) | F10: MANAGER (L1/L2/L3) | G10: APEX PANEL (L1/L2/L3) | H10: Self # | I10: Mgr # | J10: APEX # | K10: Notes / Evidence & Behavioural Observations | M10: Capability | N10: Self | O10: Manager | P10: APEX | Q10: Target
B11: Account Management | C11: SE | D11: L3 | H11: =IF(E11="L3 - Advanced",3,IF(E11="L2 - Proficient",2,IF(E11="L1 - Developing",1,""))) | I11: =IF(F11="L3 - Advanced",3,IF(F11="L2 - Proficient",2,IF(F11="L1 - Developing",1,""))) | J11: =IF(G11="L3 - Advanced",3,IF(G11="L2 - Proficient",2,IF(G11="L1 - Developing",1,""))) | M11: Acct Mgmt | N11: =H11 | O11: =I11 | P11: =J11 | Q11: 2
B12: Strategic Account Ambition | C12: C | D12: L2 | H12: =IF(E12="L3 - Advanced",3,IF(E12="L2 - Proficient",2,IF(E12="L1 - Developing",1,""))) | I12: =IF(F12="L3 - Advanced",3,IF(F12="L2 - Proficient",2,IF(F12="L1 - Developing",1,""))) | J12: =IF(G12="L3 - Advanced",3,IF(G12="L2 - Proficient",2,IF(G12="L1 - Developing",1,""))) | M12: Strat Ambition | N12: =H12 | O12: =I12 | P12: =J12 | Q12: 2
B13: Consultative Selling | C13: SE | D13: L2 | H13: =IF(E13="L3 - Advanced",3,IF(E13="L2 - Proficient",2,IF(E13="L1 - Developing",1,""))) | I13: =IF(F13="L3 - Advanced",3,IF(F13="L2 - Proficient",2,IF(F13="L1 - Developing",1,""))) | J13: =IF(G13="L3 - Advanced",3,IF(G13="L2 - Proficient",2,IF(G13="L1 - Developing",1,""))) | M13: Consultative | N13: =H13 | O13: =I13 | P13: =J13 | Q13: 2
B14: Negotiation | C14: SE | D14: L2 | H14: =IF(E14="L3 - Advanced",3,IF(E14="L2 - Proficient",2,IF(E14="L1 - Developing",1,""))) | I14: =IF(F14="L3 - Advanced",3,IF(F14="L2 - Proficient",2,IF(F14="L1 - Developing",1,""))) | J14: =IF(G14="L3 - Advanced",3,IF(G14="L2 - Proficient",2,IF(G14="L1 - Developing",1,""))) | M14: Negotiation | N14: =H14 | O14: =I14 | P14: =J14 | Q14: 2
B15: Value Creation / Business Case | C15: C | D15: L2 | H15: =IF(E15="L3 - Advanced",3,IF(E15="L2 - Proficient",2,IF(E15="L1 - Developing",1,""))) | I15: =IF(F15="L3 - Advanced",3,IF(F15="L2 - Proficient",2,IF(F15="L1 - Developing",1,""))) | J15: =IF(G15="L3 - Advanced",3,IF(G15="L2 - Proficient",2,IF(G15="L1 - Developing",1,""))) | M15: Value/BizCase | N15: =H15 | O15: =I15 | P15: =J15 | Q15: 2
B16: Customer Relationship Management | C16: SE | D16: L2 | H16: =IF(E16="L3 - Advanced",3,IF(E16="L2 - Proficient",2,IF(E16="L1 - Developing",1,""))) | I16: =IF(F16="L3 - Advanced",3,IF(F16="L2 - Proficient",2,IF(F16="L1 - Developing",1,""))) | J16: =IF(G16="L3 - Advanced",3,IF(G16="L2 - Proficient",2,IF(G16="L1 - Developing",1,""))) | M16: CRM | N16: =H16 | O16: =I16 | P16: =J16 | Q16: 2
B17: Stakeholder Management | C17: SE | D17: L2 | H17: =IF(E17="L3 - Advanced",3,IF(E17="L2 - Proficient",2,IF(E17="L1 - Developing",1,""))) | I17: =IF(F17="L3 - Advanced",3,IF(F17="L2 - Proficient",2,IF(F17="L1 - Developing",1,""))) | J17: =IF(G17="L3 - Advanced",3,IF(G17="L2 - Proficient",2,IF(G17="L1 - Developing",1,""))) | M17: Stakeholder | N17: =H17 | O17: =I17 | P17: =J17 | Q17: 2
B18: Influencing Skills | C18: SE | D18: L2 | H18: =IF(E18="L3 - Advanced",3,IF(E18="L2 - Proficient",2,IF(E18="L1 - Developing",1,""))) | I18: =IF(F18="L3 - Advanced",3,IF(F18="L2 - Proficient",2,IF(F18="L1 - Developing",1,""))) | J18: =IF(G18="L3 - Advanced",3,IF(G18="L2 - Proficient",2,IF(G18="L1 - Developing",1,""))) | M18: Influencing | N18: =H18 | O18: =I18 | P18: =J18 | Q18: 2
B19: Executive Presence | C19: C | D19: L2 | H19: =IF(E19="L3 - Advanced",3,IF(E19="L2 - Proficient",2,IF(E19="L1 - Developing",1,""))) | I19: =IF(F19="L3 - Advanced",3,IF(F19="L2 - Proficient",2,IF(F19="L1 - Developing",1,""))) | J19: =IF(G19="L3 - Advanced",3,IF(G19="L2 - Proficient",2,IF(G19="L1 - Developing",1,""))) | M19: Exec Presence | N19: =H19 | O19: =I19 | P19: =J19 | Q19: 2
B20: C-Level Engagement | C20: C | D20: L2 | H20: =IF(E20="L3 - Advanced",3,IF(E20="L2 - Proficient",2,IF(E20="L1 - Developing",1,""))) | I20: =IF(F20="L3 - Advanced",3,IF(F20="L2 - Proficient",2,IF(F20="L1 - Developing",1,""))) | J20: =IF(G20="L3 - Advanced",3,IF(G20="L2 - Proficient",2,IF(G20="L1 - Developing",1,""))) | M20: C-Level | N20: =H20 | O20: =I20 | P20: =J20 | Q20: 2
B21: Executive Sponsorship Mobilization | C21: C | D21: L2 | H21: =IF(E21="L3 - Advanced",3,IF(E21="L2 - Proficient",2,IF(E21="L1 - Developing",1,""))) | I21: =IF(F21="L3 - Advanced",3,IF(F21="L2 - Proficient",2,IF(F21="L1 - Developing",1,""))) | J21: =IF(G21="L3 - Advanced",3,IF(G21="L2 - Proficient",2,IF(G21="L1 - Developing",1,""))) | M21: Exec Sponsor | N21: =H21 | O21: =I21 | P21: =J21 | Q21: 2
B22: Product Knowledge | C22: SE | D22: L2 | H22: =IF(E22="L3 - Advanced",3,IF(E22="L2 - Proficient",2,IF(E22="L1 - Developing",1,""))) | I22: =IF(F22="L3 - Advanced",3,IF(F22="L2 - Proficient",2,IF(F22="L1 - Developing",1,""))) | J22: =IF(G22="L3 - Advanced",3,IF(G22="L2 - Proficient",2,IF(G22="L1 - Developing",1,""))) | M22: Product Know | N22: =H22 | O22: =I22 | P22: =J22 | Q22: 2
... B32: Software & Services Attach | C32: S | D32: L2 | H32: =IF(E32="L3 - Advanced",3,IF(E32="L2 - Proficient",2,IF(E32="L1 - Developing",1,""))) | I32: =IF(F32="L3 - Advanced",3,IF(F32="L2 - Proficient",2,IF(F32="L1 - Developing",1,""))) | J32: =IF(G32="L3 - Advanced",3,IF(G32="L2 - Proficient",2,IF(G32="L1 - Developing",1,""))) | M32: SW/Svc Attach | N32: =H32 | O32: =I32 | P32: =J32 | Q32: 2
B33: AVERAGE MATURITY SCORE | E33: =IFERROR(AVERAGE(H11:H32),"") | F33: =IFERROR(AVERAGE(I11:I32),"") | G33: =IFERROR(AVERAGE(J11:J32),"") | H33: =IFERROR(AVERAGE(H11:J32),"")

Sheet AM14
B2: SE | D2: Schneider Electric
D3: APEX ASSESSMENT · AM14
B5: Account Manager: Account Manager 14 · Account: Account 14 · Zone: India · Track: Acquisition
B7: Account Manager | D7: Account Manager 14 | E7: Account Name | G7: Account 14 | H7: Zone | I7: India | J7: Track | K7: Acquisition
B8: Self Assessment Date: | E8: Manager Assessment Date: | H8: APEX Panel Date:
E9: ◀ SELF ASSESSMENT ▶ | F9: ◀ MANAGER ASSESSMENT ▶ | G9: ◀ APEX PANEL ASSESSMENT ▶
B10: Capability | C10: Src | D10: Req Lv | E10: SELF (L1/L2/L3) | F10: MANAGER (L1/L2/L3) | G10: APEX PANEL (L1/L2/L3) | H10: Self # | I10: Mgr # | J10: APEX # | K10: Notes / Evidence & Behavioural Observations | M10: Capability | N10: Self | O10: Manager | P10: APEX | Q10: Target
B11: Account Management | C11: SE | D11: L3 | H11: =IF(E11="L3 - Advanced",3,IF(E11="L2 - Proficient",2,IF(E11="L1 - Developing",1,""))) | I11: =IF(F11="L3 - Advanced",3,IF(F11="L2 - Proficient",2,IF(F11="L1 - Developing",1,""))) | J11: =IF(G11="L3 - Advanced",3,IF(G11="L2 - Proficient",2,IF(G11="L1 - Developing",1,""))) | M11: Acct Mgmt | N11: =H11 | O11: =I11 | P11: =J11 | Q11: 2
B12: Strategic Account Ambition | C12: C | D12: L2 | H12: =IF(E12="L3 - Advanced",3,IF(E12="L2 - Proficient",2,IF(E12="L1 - Developing",1,""))) | I12: =IF(F12="L3 - Advanced",3,IF(F12="L2 - Proficient",2,IF(F12="L1 - Developing",1,""))) | J12: =IF(G12="L3 - Advanced",3,IF(G12="L2 - Proficient",2,IF(G12="L1 - Developing",1,""))) | M12: Strat Ambition | N12: =H12 | O12: =I12 | P12: =J12 | Q12: 2
B13: Consultative Selling | C13: SE | D13: L2 | H13: =IF(E13="L3 - Advanced",3,IF(E13="L2 - Proficient",2,IF(E13="L1 - Developing",1,""))) | I13: =IF(F13="L3 - Advanced",3,IF(F13="L2 - Proficient",2,IF(F13="L1 - Developing",1,""))) | J13: =IF(G13="L3 - Advanced",3,IF(G13="L2 - Proficient",2,IF(G13="L1 - Developing",1,""))) | M13: Consultative | N13: =H13 | O13: =I13 | P13: =J13 | Q13: 2
B14: Negotiation | C14: SE | D14: L2 | H14: =IF(E14="L3 - Advanced",3,IF(E14="L2 - Proficient",2,IF(E14="L1 - Developing",1,""))) | I14: =IF(F14="L3 - Advanced",3,IF(F14="L2 - Proficient",2,IF(F14="L1 - Developing",1,""))) | J14: =IF(G14="L3 - Advanced",3,IF(G14="L2 - Proficient",2,IF(G14="L1 - Developing",1,""))) | M14: Negotiation | N14: =H14 | O14: =I14 | P14: =J14 | Q14: 2
B15: Value Creation / Business Case | C15: C | D15: L2 | H15: =IF(E15="L3 - Advanced",3,IF(E15="L2 - Proficient",2,IF(E15="L1 - Developing",1,""))) | I15: =IF(F15="L3 - Advanced",3,IF(F15="L2 - Proficient",2,IF(F15="L1 - Developing",1,""))) | J15: =IF(G15="L3 - Advanced",3,IF(G15="L2 - Proficient",2,IF(G15="L1 - Developing",1,""))) | M15: Value/BizCase | N15: =H15 | O15: =I15 | P15: =J15 | Q15: 2
B16: Customer Relationship Management | C16: SE | D16: L2 | H16: =IF(E16="L3 - Advanced",3,IF(E16="L2 - Proficient",2,IF(E16="L1 - Developing",1,""))) | I16: =IF(F16="L3 - Advanced",3,IF(F16="L2 - Proficient",2,IF(F16="L1 - Developing",1,""))) | J16: =IF(G16="L3 - Advanced",3,IF(G16="L2 - Proficient",2,IF(G16="L1 - Developing",1,""))) | M16: CRM | N16: =H16 | O16: =I16 | P16: =J16 | Q16: 2
B17: Stakeholder Management | C17: SE | D17: L2 | H17: =IF(E17="L3 - Advanced",3,IF(E17="L2 - Proficient",2,IF(E17="L1 - Developing",1,""))) | I17: =IF(F17="L3 - Advanced",3,IF(F17="L2 - Proficient",2,IF(F17="L1 - Developing",1,""))) | J17: =IF(G17="L3 - Advanced",3,IF(G17="L2 - Proficient",2,IF(G17="L1 - Developing",1,""))) | M17: Stakeholder | N17: =H17 | O17: =I17 | P17: =J17 | Q17: 2
B18: Influencing Skills | C18: SE | D18: L2 | H18: =IF(E18="L3 - Advanced",3,IF(E18="L2 - Proficient",2,IF(E18="L1 - Developing",1,""))) | I18: =IF(F18="L3 - Advanced",3,IF(F18="L2 - Proficient",2,IF(F18="L1 - Developing",1,""))) | J18: =IF(G18="L3 - Advanced",3,IF(G18="L2 - Proficient",2,IF(G18="L1 - Developing",1,""))) | M18: Influencing | N18: =H18 | O18: =I18 | P18: =J18 | Q18: 2
B19: Executive Presence | C19: C | D19: L2 | H19: =IF(E19="L3 - Advanced",3,IF(E19="L2 - Proficient",2,IF(E19="L1 - Developing",1,""))) | I19: =IF(F19="L3 - Advanced",3,IF(F19="L2 - Proficient",2,IF(F19="L1 - Developing",1,""))) | J19: =IF(G19="L3 - Advanced",3,IF(G19="L2 - Proficient",2,IF(G19="L1 - Developing",1,""))) | M19: Exec Presence | N19: =H19 | O19: =I19 | P19: =J19 | Q19: 2
B20: C-Level Engagement | C20: C | D20: L2 | H20: =IF(E20="L3 - Advanced",3,IF(E20="L2 - Proficient",2,IF(E20="L1 - Developing",1,""))) | I20: =IF(F20="L3 - Advanced",3,IF(F20="L2 - Proficient",2,IF(F20="L1 - Developing",1,""))) | J20: =IF(G20="L3 - Advanced",3,IF(G20="L2 - Proficient",2,IF(G20="L1 - Developing",1,""))) | M20: C-Level | N20: =H20 | O20: =I20 | P20: =J20 | Q20: 2
B21: Executive Sponsorship Mobilization | C21: C | D21: L2 | H21: =IF(E21="L3 - Advanced",3,IF(E21="L2 - Proficient",2,IF(E21="L1 - Developing",1,""))) | I21: =IF(F21="L3 - Advanced",3,IF(F21="L2 - Proficient",2,IF(F21="L1 - Developing",1,""))) | J21: =IF(G21="L3 - Advanced",3,IF(G21="L2 - Proficient",2,IF(G21="L1 - Developing",1,""))) | M21: Exec Sponsor | N21: =H21 | O21: =I21 | P21: =J21 | Q21: 2
B22: Product Knowledge | C22: SE | D22: L2 | H22: =IF(E22="L3 - Advanced",3,IF(E22="L2 - Proficient",2,IF(E22="L1 - Developing",1,""))) | I22: =IF(F22="L3 - Advanced",3,IF(F22="L2 - Proficient",2,IF(F22="L1 - Developing",1,""))) | J22: =IF(G22="L3 - Advanced",3,IF(G22="L2 - Proficient",2,IF(G22="L1 - Developing",1,""))) | M22: Product Know | N22: =H22 | O22: =I22 | P22: =J22 | Q22: 2
... B32: Software & Services Attach | C32: S | D32: L2 | H32: =IF(E32="L3 - Advanced",3,IF(E32="L2 - Proficient",2,IF(E32="L1 - Developing",1,""))) | I32: =IF(F32="L3 - Advanced",3,IF(F32="L2 - Proficient",2,IF(F32="L1 - Developing",1,""))) | J32: =IF(G32="L3 - Advanced",3,IF(G32="L2 - Proficient",2,IF(G32="L1 - Developing",1,""))) | M32: SW/Svc Attach | N32: =H32 | O32: =I32 | P32: =J32 | Q32: 2
B33: AVERAGE MATURITY SCORE | E33: =IFERROR(AVERAGE(H11:H32),"") | F33: =IFERROR(AVERAGE(I11:I32),"") | G33: =IFERROR(AVERAGE(J11:J32),"") | H33: =IFERROR(AVERAGE(H11:J32),"")

Sheet AM15
B2: SE | D2: Schneider Electric
D3: APEX ASSESSMENT · AM15
B5: Account Manager: Account Manager 15 · Account: Account 15 · Zone: India · Track: Saturation
B7: Account Manager | D7: Account Manager 15 | E7: Account Name | G7: Account 15 | H7: Zone | I7: India | J7: Track | K7: Saturation
B8: Self Assessment Date: | E8: Manager Assessment Date: | H8: APEX Panel Date:
E9: ◀ SELF ASSESSMENT ▶ | F9: ◀ MANAGER ASSESSMENT ▶ | G9: ◀ APEX PANEL ASSESSMENT ▶
B10: Capability | C10: Src | D10: Req Lv | E10: SELF (L1/L2/L3) | F10: MANAGER (L1/L2/L3) | G10: APEX PANEL (L1/L2/L3) | H10: Self # | I10: Mgr # | J10: APEX # | K10: Notes / Evidence & Behavioural Observations | M10: Capability | N10: Self | O10: Manager | P10: APEX | Q10: Target
B11: Account Management | C11: SE | D11: L3 | H11: =IF(E11="L3 - Advanced",3,IF(E11="L2 - Proficient",2,IF(E11="L1 - Developing",1,""))) | I11: =IF(F11="L3 - Advanced",3,IF(F11="L2 - Proficient",2,IF(F11="L1 - Developing",1,""))) | J11: =IF(G11="L3 - Advanced",3,IF(G11="L2 - Proficient",2,IF(G11="L1 - Developing",1,""))) | M11: Acct Mgmt | N11: =H11 | O11: =I11 | P11: =J11 | Q11: 2
B12: Strategic Account Ambition | C12: C | D12: L2 | H12: =IF(E12="L3 - Advanced",3,IF(E12="L2 - Proficient",2,IF(E12="L1 - Developing",1,""))) | I12: =IF(F12="L3 - Advanced",3,IF(F12="L2 - Proficient",2,IF(F12="L1 - Developing",1,""))) | J12: =IF(G12="L3 - Advanced",3,IF(G12="L2 - Proficient",2,IF(G12="L1 - Developing",1,""))) | M12: Strat Ambition | N12: =H12 | O12: =I12 | P12: =J12 | Q12: 2
B13: Consultative Selling | C13: SE | D13: L2 | H13: =IF(E13="L3 - Advanced",3,IF(E13="L2 - Proficient",2,IF(E13="L1 - Developing",1,""))) | I13: =IF(F13="L3 - Advanced",3,IF(F13="L2 - Proficient",2,IF(F13="L1 - Developing",1,""))) | J13: =IF(G13="L3 - Advanced",3,IF(G13="L2 - Proficient",2,IF(G13="L1 - Developing",1,""))) | M13: Consultative | N13: =H13 | O13: =I13 | P13: =J13 | Q13: 2
B14: Negotiation | C14: SE | D14: L2 | H14: =IF(E14="L3 - Advanced",3,IF(E14="L2 - Proficient",2,IF(E14="L1 - Developing",1,""))) | I14: =IF(F14="L3 - Advanced",3,IF(F14="L2 - Proficient",2,IF(F14="L1 - Developing",1,""))) | J14: =IF(G14="L3 - Advanced",3,IF(G14="L2 - Proficient",2,IF(G14="L1 - Developing",1,""))) | M14: Negotiation | N14: =H14 | O14: =I14 | P14: =J14 | Q14: 2
B15: Value Creation / Business Case | C15: C | D15: L2 | H15: =IF(E15="L3 - Advanced",3,IF(E15="L2 - Proficient",2,IF(E15="L1 - Developing",1,""))) | I15: =IF(F15="L3 - Advanced",3,IF(F15="L2 - Proficient",2,IF(F15="L1 - Developing",1,""))) | J15: =IF(G15="L3 - Advanced",3,IF(G15="L2 - Proficient",2,IF(G15="L1 - Developing",1,""))) | M15: Value/BizCase | N15: =H15 | O15: =I15 | P15: =J15 | Q15: 2
B16: Customer Relationship Management | C16: SE | D16: L2 | H16: =IF(E16="L3 - Advanced",3,IF(E16="L2 - Proficient",2,IF(E16="L1 - Developing",1,""))) | I16: =IF(F16="L3 - Advanced",3,IF(F16="L2 - Proficient",2,IF(F16="L1 - Developing",1,""))) | J16: =IF(G16="L3 - Advanced",3,IF(G16="L2 - Proficient",2,IF(G16="L1 - Developing",1,""))) | M16: CRM | N16: =H16 | O16: =I16 | P16: =J16 | Q16: 2
B17: Stakeholder Management | C17: SE | D17: L2 | H17: =IF(E17="L3 - Advanced",3,IF(E17="L2 - Proficient",2,IF(E17="L1 - Developing",1,""))) | I17: =IF(F17="L3 - Advanced",3,IF(F17="L2 - Proficient",2,IF(F17="L1 - Developing",1,""))) | J17: =IF(G17="L3 - Advanced",3,IF(G17="L2 - Proficient",2,IF(G17="L1 - Developing",1,""))) | M17: Stakeholder | N17: =H17 | O17: =I17 | P17: =J17 | Q17: 2
B18: Influencing Skills | C18: SE | D18: L2 | H18: =IF(E18="L3 - Advanced",3,IF(E18="L2 - Proficient",2,IF(E18="L1 - Developing",1,""))) | I18: =IF(F18="L3 - Advanced",3,IF(F18="L2 - Proficient",2,IF(F18="L1 - Developing",1,""))) | J18: =IF(G18="L3 - Advanced",3,IF(G18="L2 - Proficient",2,IF(G18="L1 - Developing",1,""))) | M18: Influencing | N18: =H18 | O18: =I18 | P18: =J18 | Q18: 2
B19: Executive Presence | C19: C | D19: L2 | H19: =IF(E19="L3 - Advanced",3,IF(E19="L2 - Proficient",2,IF(E19="L1 - Developing",1,""))) | I19: =IF(F19="L3 - Advanced",3,IF(F19="L2 - Proficient",2,IF(F19="L1 - Developing",1,""))) | J19: =IF(G19="L3 - Advanced",3,IF(G19="L2 - Proficient",2,IF(G19="L1 - Developing",1,""))) | M19: Exec Presence | N19: =H19 | O19: =I19 | P19: =J19 | Q19: 2
B20: C-Level Engagement | C20: C | D20: L2 | H20: =IF(E20="L3 - Advanced",3,IF(E20="L2 - Proficient",2,IF(E20="L1 - Developing",1,""))) | I20: =IF(F20="L3 - Advanced",3,IF(F20="L2 - Proficient",2,IF(F20="L1 - Developing",1,""))) | J20: =IF(G20="L3 - Advanced",3,IF(G20="L2 - Proficient",2,IF(G20="L1 - Developing",1,""))) | M20: C-Level | N20: =H20 | O20: =I20 | P20: =J20 | Q20: 2
B21: Executive Sponsorship Mobilization | C21: C | D21: L2 | H21: =IF(E21="L3 - Advanced",3,IF(E21="L2 - Proficient",2,IF(E21="L1 - Developing",1,""))) | I21: =IF(F21="L3 - Advanced",3,IF(F21="L2 - Proficient",2,IF(F21="L1 - Developing",1,""))) | J21: =IF(G21="L3 - Advanced",3,IF(G21="L2 - Proficient",2,IF(G21="L1 - Developing",1,""))) | M21: Exec Sponsor | N21: =H21 | O21: =I21 | P21: =J21 | Q21: 2
B22: Product Knowledge | C22: SE | D22: L2 | H22: =IF(E22="L3 - Advanced",3,IF(E22="L2 - Proficient",2,IF(E22="L1 - Developing",1,""))) | I22: =IF(F22="L3 - Advanced",3,IF(F22="L2 - Proficient",2,IF(F22="L1 - Developing",1,""))) | J22: =IF(G22="L3 - Advanced",3,IF(G22="L2 - Proficient",2,IF(G22="L1 - Developing",1,""))) | M22: Product Know | N22: =H22 | O22: =I22 | P22: =J22 | Q22: 2
... B32: Software & Services Attach | C32: S | D32: L2 | H32: =IF(E32="L3 - Advanced",3,IF(E32="L2 - Proficient",2,IF(E32="L1 - Developing",1,""))) | I32: =IF(F32="L3 - Advanced",3,IF(F32="L2 - Proficient",2,IF(F32="L1 - Developing",1,""))) | J32: =IF(G32="L3 - Advanced",3,IF(G32="L2 - Proficient",2,IF(G32="L1 - Developing",1,""))) | M32: SW/Svc Attach | N32: =H32 | O32: =I32 | P32: =J32 | Q32: 2
B33: AVERAGE MATURITY SCORE | E33: =IFERROR(AVERAGE(H11:H32),"") | F33: =IFERROR(AVERAGE(I11:I32),"") | G33: =IFERROR(AVERAGE(J11:J32),"") | H33: =IFERROR(AVERAGE(H11:J32),"")

Sheet AM16
B2: SE | D2: Schneider Electric
D3: APEX ASSESSMENT · AM16
B5: Account Manager: Account Manager 16 · Account: Account 16 · Zone: India · Track: Saturation
B7: Account Manager | D7: Account Manager 16 | E7: Account Name | G7: Account 16 | H7: Zone | I7: India | J7: Track | K7: Saturation
B8: Self Assessment Date: | E8: Manager Assessment Date: | H8: APEX Panel Date:
E9: ◀ SELF ASSESSMENT ▶ | F9: ◀ MANAGER ASSESSMENT ▶ | G9: ◀ APEX PANEL ASSESSMENT ▶
B10: Capability | C10: Src | D10: Req Lv | E10: SELF (L1/L2/L3) | F10: MANAGER (L1/L2/L3) | G10: APEX PANEL (L1/L2/L3) | H10: Self # | I10: Mgr # | J10: APEX # | K10: Notes / Evidence & Behavioural Observations | M10: Capability | N10: Self | O10: Manager | P10: APEX | Q10: Target
B11: Account Management | C11: SE | D11: L3 | H11: =IF(E11="L3 - Advanced",3,IF(E11="L2 - Proficient",2,IF(E11="L1 - Developing",1,""))) | I11: =IF(F11="L3 - Advanced",3,IF(F11="L2 - Proficient",2,IF(F11="L1 - Developing",1,""))) | J11: =IF(G11="L3 - Advanced",3,IF(G11="L2 - Proficient",2,IF(G11="L1 - Developing",1,""))) | M11: Acct Mgmt | N11: =H11 | O11: =I11 | P11: =J11 | Q11: 2
B12: Strategic Account Ambition | C12: C | D12: L2 | H12: =IF(E12="L3 - Advanced",3,IF(E12="L2 - Proficient",2,IF(E12="L1 - Developing",1,""))) | I12: =IF(F12="L3 - Advanced",3,IF(F12="L2 - Proficient",2,IF(F12="L1 - Developing",1,""))) | J12: =IF(G12="L3 - Advanced",3,IF(G12="L2 - Proficient",2,IF(G12="L1 - Developing",1,""))) | M12: Strat Ambition | N12: =H12 | O12: =I12 | P12: =J12 | Q12: 2
B13: Consultative Selling | C13: SE | D13: L2 | H13: =IF(E13="L3 - Advanced",3,IF(E13="L2 - Proficient",2,IF(E13="L1 - Developing",1,""))) | I13: =IF(F13="L3 - Advanced",3,IF(F13="L2 - Proficient",2,IF(F13="L1 - Developing",1,""))) | J13: =IF(G13="L3 - Advanced",3,IF(G13="L2 - Proficient",2,IF(G13="L1 - Developing",1,""))) | M13: Consultative | N13: =H13 | O13: =I13 | P13: =J13 | Q13: 2
B14: Negotiation | C14: SE | D14: L2 | H14: =IF(E14="L3 - Advanced",3,IF(E14="L2 - Proficient",2,IF(E14="L1 - Developing",1,""))) | I14: =IF(F14="L3 - Advanced",3,IF(F14="L2 - Proficient",2,IF(F14="L1 - Developing",1,""))) | J14: =IF(G14="L3 - Advanced",3,IF(G14="L2 - Proficient",2,IF(G14="L1 - Developing",1,""))) | M14: Negotiation | N14: =H14 | O14: =I14 | P14: =J14 | Q14: 2
B15: Value Creation / Business Case | C15: C | D15: L2 | H15: =IF(E15="L3 - Advanced",3,IF(E15="L2 - Proficient",2,IF(E15="L1 - Developing",1,""))) | I15: =IF(F15="L3 - Advanced",3,IF(F15="L2 - Proficient",2,IF(F15="L1 - Developing",1,""))) | J15: =IF(G15="L3 - Advanced",3,IF(G15="L2 - Proficient",2,IF(G15="L1 - Developing",1,""))) | M15: Value/BizCase | N15: =H15 | O15: =I15 | P15: =J15 | Q15: 2
B16: Customer Relationship Management | C16: SE | D16: L2 | H16: =IF(E16="L3 - Advanced",3,IF(E16="L2 - Proficient",2,IF(E16="L1 - Developing",1,""))) | I16: =IF(F16="L3 - Advanced",3,IF(F16="L2 - Proficient",2,IF(F16="L1 - Developing",1,""))) | J16: =IF(G16="L3 - Advanced",3,IF(G16="L2 - Proficient",2,IF(G16="L1 - Developing",1,""))) | M16: CRM | N16: =H16 | O16: =I16 | P16: =J16 | Q16: 2
B17: Stakeholder Management | C17: SE | D17: L2 | H17: =IF(E17="L3 - Advanced",3,IF(E17="L2 - Proficient",2,IF(E17="L1 - Developing",1,""))) | I17: =IF(F17="L3 - Advanced",3,IF(F17="L2 - Proficient",2,IF(F17="L1 - Developing",1,""))) | J17: =IF(G17="L3 - Advanced",3,IF(G17="L2 - Proficient",2,IF(G17="L1 - Developing",1,""))) | M17: Stakeholder | N17: =H17 | O17: =I17 | P17: =J17 | Q17: 2
B18: Influencing Skills | C18: SE | D18: L2 | H18: =IF(E18="L3 - Advanced",3,IF(E18="L2 - Proficient",2,IF(E18="L1 - Developing",1,""))) | I18: =IF(F18="L3 - Advanced",3,IF(F18="L2 - Proficient",2,IF(F18="L1 - Developing",1,""))) | J18: =IF(G18="L3 - Advanced",3,IF(G18="L2 - Proficient",2,IF(G18="L1 - Developing",1,""))) | M18: Influencing | N18: =H18 | O18: =I18 | P18: =J18 | Q18: 2
B19: Executive Presence | C19: C | D19: L2 | H19: =IF(E19="L3 - Advanced",3,IF(E19="L2 - Proficient",2,IF(E19="L1 - Developing",1,""))) | I19: =IF(F19="L3 - Advanced",3,IF(F19="L2 - Proficient",2,IF(F19="L1 - Developing",1,""))) | J19: =IF(G19="L3 - Advanced",3,IF(G19="L2 - Proficient",2,IF(G19="L1 - Developing",1,""))) | M19: Exec Presence | N19: =H19 | O19: =I19 | P19: =J19 | Q19: 2
B20: C-Level Engagement | C20: C | D20: L2 | H20: =IF(E20="L3 - Advanced",3,IF(E20="L2 - Proficient",2,IF(E20="L1 - Developing",1,""))) | I20: =IF(F20="L3 - Advanced",3,IF(F20="L2 - Proficient",2,IF(F20="L1 - Developing",1,""))) | J20: =IF(G20="L3 - Advanced",3,IF(G20="L2 - Proficient",2,IF(G20="L1 - Developing",1,""))) | M20: C-Level | N20: =H20 | O20: =I20 | P20: =J20 | Q20: 2
B21: Executive Sponsorship Mobilization | C21: C | D21: L2 | H21: =IF(E21="L3 - Advanced",3,IF(E21="L2 - Proficient",2,IF(E21="L1 - Developing",1,""))) | I21: =IF(F21="L3 - Advanced",3,IF(F21="L2 - Proficient",2,IF(F21="L1 - Developing",1,""))) | J21: =IF(G21="L3 - Advanced",3,IF(G21="L2 - Proficient",2,IF(G21="L1 - Developing",1,""))) | M21: Exec Sponsor | N21: =H21 | O21: =I21 | P21: =J21 | Q21: 2
B22: Product Knowledge | C22: SE | D22: L2 | H22: =IF(E22="L3 - Advanced",3,IF(E22="L2 - Proficient",2,IF(E22="L1 - Developing",1,""))) | I22: =IF(F22="L3 - Advanced",3,IF(F22="L2 - Proficient",2,IF(F22="L1 - Developing",1,""))) | J22: =IF(G22="L3 - Advanced",3,IF(G22="L2 - Proficient",2,IF(G22="L1 - Developing",1,""))) | M22: Product Know | N22: =H22 | O22: =I22 | P22: =J22 | Q22: 2
... B32: Software & Services Attach | C32: S | D32: L2 | H32: =IF(E32="L3 - Advanced",3,IF(E32="L2 - Proficient",2,IF(E32="L1 - Developing",1,""))) | I32: =IF(F32="L3 - Advanced",3,IF(F32="L2 - Proficient",2,IF(F32="L1 - Developing",1,""))) | J32: =IF(G32="L3 - Advanced",3,IF(G32="L2 - Proficient",2,IF(G32="L1 - Developing",1,""))) | M32: SW/Svc Attach | N32: =H32 | O32: =I32 | P32: =J32 | Q32: 2
B33: AVERAGE MATURITY SCORE | E33: =IFERROR(AVERAGE(H11:H32),"") | F33: =IFERROR(AVERAGE(I11:I32),"") | G33: =IFERROR(AVERAGE(J11:J32),"") | H33: =IFERROR(AVERAGE(H11:J32),"")

Sheet AM17
B2: SE | D2: Schneider Electric
D3: APEX ASSESSMENT · AM17
B5: Account Manager: Account Manager 17 · Account: Account 17 · Zone: India · Track: Acquisition
B7: Account Manager | D7: Account Manager 17 | E7: Account Name | G7: Account 17 | H7: Zone | I7: India | J7: Track | K7: Acquisition
B8: Self Assessment Date: | E8: Manager Assessment Date: | H8: APEX Panel Date:
E9: ◀ SELF ASSESSMENT ▶ | F9: ◀ MANAGER ASSESSMENT ▶ | G9: ◀ APEX PANEL ASSESSMENT ▶
B10: Capability | C10: Src | D10: Req Lv | E10: SELF (L1/L2/L3) | F10: MANAGER (L1/L2/L3) | G10: APEX PANEL (L1/L2/L3) | H10: Self # | I10: Mgr # | J10: APEX # | K10: Notes / Evidence & Behavioural Observations | M10: Capability | N10: Self | O10: Manager | P10: APEX | Q10: Target
B11: Account Management | C11: SE | D11: L3 | H11: =IF(E11="L3 - Advanced",3,IF(E11="L2 - Proficient",2,IF(E11="L1 - Developing",1,""))) | I11: =IF(F11="L3 - Advanced",3,IF(F11="L2 - Proficient",2,IF(F11="L1 - Developing",1,""))) | J11: =IF(G11="L3 - Advanced",3,IF(G11="L2 - Proficient",2,IF(G11="L1 - Developing",1,""))) | M11: Acct Mgmt | N11: =H11 | O11: =I11 | P11: =J11 | Q11: 2
B12: Strategic Account Ambition | C12: C | D12: L2 | H12: =IF(E12="L3 - Advanced",3,IF(E12="L2 - Proficient",2,IF(E12="L1 - Developing",1,""))) | I12: =IF(F12="L3 - Advanced",3,IF(F12="L2 - Proficient",2,IF(F12="L1 - Developing",1,""))) | J12: =IF(G12="L3 - Advanced",3,IF(G12="L2 - Proficient",2,IF(G12="L1 - Developing",1,""))) | M12: Strat Ambition | N12: =H12 | O12: =I12 | P12: =J12 | Q12: 2
B13: Consultative Selling | C13: SE | D13: L2 | H13: =IF(E13="L3 - Advanced",3,IF(E13="L2 - Proficient",2,IF(E13="L1 - Developing",1,""))) | I13: =IF(F13="L3 - Advanced",3,IF(F13="L2 - Proficient",2,IF(F13="L1 - Developing",1,""))) | J13: =IF(G13="L3 - Advanced",3,IF(G13="L2 - Proficient",2,IF(G13="L1 - Developing",1,""))) | M13: Consultative | N13: =H13 | O13: =I13 | P13: =J13 | Q13: 2
B14: Negotiation | C14: SE | D14: L2 | H14: =IF(E14="L3 - Advanced",3,IF(E14="L2 - Proficient",2,IF(E14="L1 - Developing",1,""))) | I14: =IF(F14="L3 - Advanced",3,IF(F14="L2 - Proficient",2,IF(F14="L1 - Developing",1,""))) | J14: =IF(G14="L3 - Advanced",3,IF(G14="L2 - Proficient",2,IF(G14="L1 - Developing",1,""))) | M14: Negotiation | N14: =H14 | O14: =I14 | P14: =J14 | Q14: 2
B15: Value Creation / Business Case | C15: C | D15: L2 | H15: =IF(E15="L3 - Advanced",3,IF(E15="L2 - Proficient",2,IF(E15="L1 - Developing",1,""))) | I15: =IF(F15="L3 - Advanced",3,IF(F15="L2 - Proficient",2,IF(F15="L1 - Developing",1,""))) | J15: =IF(G15="L3 - Advanced",3,IF(G15="L2 - Proficient",2,IF(G15="L1 - Developing",1,""))) | M15: Value/BizCase | N15: =H15 | O15: =I15 | P15: =J15 | Q15: 2
B16: Customer Relationship Management | C16: SE | D16: L2 | H16: =IF(E16="L3 - Advanced",3,IF(E16="L2 - Proficient",2,IF(E16="L1 - Developing",1,""))) | I16: =IF(F16="L3 - Advanced",3,IF(F16="L2 - Proficient",2,IF(F16="L1 - Developing",1,""))) | J16: =IF(G16="L3 - Advanced",3,IF(G16="L2 - Proficient",2,IF(G16="L1 - Developing",1,""))) | M16: CRM | N16: =H16 | O16: =I16 | P16: =J16 | Q16: 2
B17: Stakeholder Management | C17: SE | D17: L2 | H17: =IF(E17="L3 - Advanced",3,IF(E17="L2 - Proficient",2,IF(E17="L1 - Developing",1,""))) | I17: =IF(F17="L3 - Advanced",3,IF(F17="L2 - Proficient",2,IF(F17="L1 - Developing",1,""))) | J17: =IF(G17="L3 - Advanced",3,IF(G17="L2 - Proficient",2,IF(G17="L1 - Developing",1,""))) | M17: Stakeholder | N17: =H17 | O17: =I17 | P17: =J17 | Q17: 2
B18: Influencing Skills | C18: SE | D18: L2 | H18: =IF(E18="L3 - Advanced",3,IF(E18="L2 - Proficient",2,IF(E18="L1 - Developing",1,""))) | I18: =IF(F18="L3 - Advanced",3,IF(F18="L2 - Proficient",2,IF(F18="L1 - Developing",1,""))) | J18: =IF(G18="L3 - Advanced",3,IF(G18="L2 - Proficient",2,IF(G18="L1 - Developing",1,""))) | M18: Influencing | N18: =H18 | O18: =I18 | P18: =J18 | Q18: 2
B19: Executive Presence | C19: C | D19: L2 | H19: =IF(E19="L3 - Advanced",3,IF(E19="L2 - Proficient",2,IF(E19="L1 - Developing",1,""))) | I19: =IF(F19="L3 - Advanced",3,IF(F19="L2 - Proficient",2,IF(F19="L1 - Developing",1,""))) | J19: =IF(G19="L3 - Advanced",3,IF(G19="L2 - Proficient",2,IF(G19="L1 - Developing",1,""))) | M19: Exec Presence | N19: =H19 | O19: =I19 | P19: =J19 | Q19: 2
B20: C-Level Engagement | C20: C | D20: L2 | H20: =IF(E20="L3 - Advanced",3,IF(E20="L2 - Proficient",2,IF(E20="L1 - Developing",1,""))) | I20: =IF(F20="L3 - Advanced",3,IF(F20="L2 - Proficient",2,IF(F20="L1 - Developing",1,""))) | J20: =IF(G20="L3 - Advanced",3,IF(G20="L2 - Proficient",2,IF(G20="L1 - Developing",1,""))) | M20: C-Level | N20: =H20 | O20: =I20 | P20: =J20 | Q20: 2
B21: Executive Sponsorship Mobilization | C21: C | D21: L2 | H21: =IF(E21="L3 - Advanced",3,IF(E21="L2 - Proficient",2,IF(E21="L1 - Developing",1,""))) | I21: =IF(F21="L3 - Advanced",3,IF(F21="L2 - Proficient",2,IF(F21="L1 - Developing",1,""))) | J21: =IF(G21="L3 - Advanced",3,IF(G21="L2 - Proficient",2,IF(G21="L1 - Developing",1,""))) | M21: Exec Sponsor | N21: =H21 | O21: =I21 | P21: =J21 | Q21: 2
B22: Product Knowledge | C22: SE | D22: L2 | H22: =IF(E22="L3 - Advanced",3,IF(E22="L2 - Proficient",2,IF(E22="L1 - Developing",1,""))) | I22: =IF(F22="L3 - Advanced",3,IF(F22="L2 - Proficient",2,IF(F22="L1 - Developing",1,""))) | J22: =IF(G22="L3 - Advanced",3,IF(G22="L2 - Proficient",2,IF(G22="L1 - Developing",1,""))) | M22: Product Know | N22: =H22 | O22: =I22 | P22: =J22 | Q22: 2
... B32: Software & Services Attach | C32: S | D32: L2 | H32: =IF(E32="L3 - Advanced",3,IF(E32="L2 - Proficient",2,IF(E32="L1 - Developing",1,""))) | I32: =IF(F32="L3 - Advanced",3,IF(F32="L2 - Proficient",2,IF(F32="L1 - Developing",1,""))) | J32: =IF(G32="L3 - Advanced",3,IF(G32="L2 - Proficient",2,IF(G32="L1 - Developing",1,""))) | M32: SW/Svc Attach | N32: =H32 | O32: =I32 | P32: =J32 | Q32: 2
B33: AVERAGE MATURITY SCORE | E33: =IFERROR(AVERAGE(H11:H32),"") | F33: =IFERROR(AVERAGE(I11:I32),"") | G33: =IFERROR(AVERAGE(J11:J32),"") | H33: =IFERROR(AVERAGE(H11:J32),"")

Sheet AM18
B2: SE | D2: Schneider Electric
D3: APEX ASSESSMENT · AM18
B5: Account Manager: Account Manager 18 · Account: Account 18 · Zone: India · Track: Acquisition
B7: Account Manager | D7: Account Manager 18 | E7: Account Name | G7: Account 18 | H7: Zone | I7: India | J7: Track | K7: Acquisition
B8: Self Assessment Date: | E8: Manager Assessment Date: | H8: APEX Panel Date:
E9: ◀ SELF ASSESSMENT ▶ | F9: ◀ MANAGER ASSESSMENT ▶ | G9: ◀ APEX PANEL ASSESSMENT ▶
B10: Capability | C10: Src | D10: Req Lv | E10: SELF (L1/L2/L3) | F10: MANAGER (L1/L2/L3) | G10: APEX PANEL (L1/L2/L3) | H10: Self # | I10: Mgr # | J10: APEX # | K10: Notes / Evidence & Behavioural Observations | M10: Capability | N10: Self | O10: Manager | P10: APEX | Q10: Target
B11: Account Management | C11: SE | D11: L3 | H11: =IF(E11="L3 - Advanced",3,IF(E11="L2 - Proficient",2,IF(E11="L1 - Developing",1,""))) | I11: =IF(F11="L3 - Advanced",3,IF(F11="L2 - Proficient",2,IF(F11="L1 - Developing",1,""))) | J11: =IF(G11="L3 - Advanced",3,IF(G11="L2 - Proficient",2,IF(G11="L1 - Developing",1,""))) | M11: Acct Mgmt | N11: =H11 | O11: =I11 | P11: =J11 | Q11: 2
B12: Strategic Account Ambition | C12: C | D12: L2 | H12: =IF(E12="L3 - Advanced",3,IF(E12="L2 - Proficient",2,IF(E12="L1 - Developing",1,""))) | I12: =IF(F12="L3 - Advanced",3,IF(F12="L2 - Proficient",2,IF(F12="L1 - Developing",1,""))) | J12: =IF(G12="L3 - Advanced",3,IF(G12="L2 - Proficient",2,IF(G12="L1 - Developing",1,""))) | M12: Strat Ambition | N12: =H12 | O12: =I12 | P12: =J12 | Q12: 2
B13: Consultative Selling | C13: SE | D13: L2 | H13: =IF(E13="L3 - Advanced",3,IF(E13="L2 - Proficient",2,IF(E13="L1 - Developing",1,""))) | I13: =IF(F13="L3 - Advanced",3,IF(F13="L2 - Proficient",2,IF(F13="L1 - Developing",1,""))) | J13: =IF(G13="L3 - Advanced",3,IF(G13="L2 - Proficient",2,IF(G13="L1 - Developing",1,""))) | M13: Consultative | N13: =H13 | O13: =I13 | P13: =J13 | Q13: 2
B14: Negotiation | C14: SE | D14: L2 | H14: =IF(E14="L3 - Advanced",3,IF(E14="L2 - Proficient",2,IF(E14="L1 - Developing",1,""))) | I14: =IF(F14="L3 - Advanced",3,IF(F14="L2 - Proficient",2,IF(F14="L1 - Developing",1,""))) | J14: =IF(G14="L3 - Advanced",3,IF(G14="L2 - Proficient",2,IF(G14="L1 - Developing",1,""))) | M14: Negotiation | N14: =H14 | O14: =I14 | P14: =J14 | Q14: 2
B15: Value Creation / Business Case | C15: C | D15: L2 | H15: =IF(E15="L3 - Advanced",3,IF(E15="L2 - Proficient",2,IF(E15="L1 - Developing",1,""))) | I15: =IF(F15="L3 - Advanced",3,IF(F15="L2 - Proficient",2,IF(F15="L1 - Developing",1,""))) | J15: =IF(G15="L3 - Advanced",3,IF(G15="L2 - Proficient",2,IF(G15="L1 - Developing",1,""))) | M15: Value/BizCase | N15: =H15 | O15: =I15 | P15: =J15 | Q15: 2
B16: Customer Relationship Management | C16: SE | D16: L2 | H16: =IF(E16="L3 - Advanced",3,IF(E16="L2 - Proficient",2,IF(E16="L1 - Developing",1,""))) | I16: =IF(F16="L3 - Advanced",3,IF(F16="L2 - Proficient",2,IF(F16="L1 - Developing",1,""))) | J16: =IF(G16="L3 - Advanced",3,IF(G16="L2 - Proficient",2,IF(G16="L1 - Developing",1,""))) | M16: CRM | N16: =H16 | O16: =I16 | P16: =J16 | Q16: 2
B17: Stakeholder Management | C17: SE | D17: L2 | H17: =IF(E17="L3 - Advanced",3,IF(E17="L2 - Proficient",2,IF(E17="L1 - Developing",1,""))) | I17: =IF(F17="L3 - Advanced",3,IF(F17="L2 - Proficient",2,IF(F17="L1 - Developing",1,""))) | J17: =IF(G17="L3 - Advanced",3,IF(G17="L2 - Proficient",2,IF(G17="L1 - Developing",1,""))) | M17: Stakeholder | N17: =H17 | O17: =I17 | P17: =J17 | Q17: 2
B18: Influencing Skills | C18: SE | D18: L2 | H18: =IF(E18="L3 - Advanced",3,IF(E18="L2 - Proficient",2,IF(E18="L1 - Developing",1,""))) | I18: =IF(F18="L3 - Advanced",3,IF(F18="L2 - Proficient",2,IF(F18="L1 - Developing",1,""))) | J18: =IF(G18="L3 - Advanced",3,IF(G18="L2 - Proficient",2,IF(G18="L1 - Developing",1,""))) | M18: Influencing | N18: =H18 | O18: =I18 | P18: =J18 | Q18: 2
B19: Executive Presence | C19: C | D19: L2 | H19: =IF(E19="L3 - Advanced",3,IF(E19="L2 - Proficient",2,IF(E19="L1 - Developing",1,""))) | I19: =IF(F19="L3 - Advanced",3,IF(F19="L2 - Proficient",2,IF(F19="L1 - Developing",1,""))) | J19: =IF(G19="L3 - Advanced",3,IF(G19="L2 - Proficient",2,IF(G19="L1 - Developing",1,""))) | M19: Exec Presence | N19: =H19 | O19: =I19 | P19: =J19 | Q19: 2
B20: C-Level Engagement | C20: C | D20: L2 | H20: =IF(E20="L3 - Advanced",3,IF(E20="L2 - Proficient",2,IF(E20="L1 - Developing",1,""))) | I20: =IF(F20="L3 - Advanced",3,IF(F20="L2 - Proficient",2,IF(F20="L1 - Developing",1,""))) | J20: =IF(G20="L3 - Advanced",3,IF(G20="L2 - Proficient",2,IF(G20="L1 - Developing",1,""))) | M20: C-Level | N20: =H20 | O20: =I20 | P20: =J20 | Q20: 2
B21: Executive Sponsorship Mobilization | C21: C | D21: L2 | H21: =IF(E21="L3 - Advanced",3,IF(E21="L2 - Proficient",2,IF(E21="L1 - Developing",1,""))) | I21: =IF(F21="L3 - Advanced",3,IF(F21="L2 - Proficient",2,IF(F21="L1 - Developing",1,""))) | J21: =IF(G21="L3 - Advanced",3,IF(G21="L2 - Proficient",2,IF(G21="L1 - Developing",1,""))) | M21: Exec Sponsor | N21: =H21 | O21: =I21 | P21: =J21 | Q21: 2
B22: Product Knowledge | C22: SE | D22: L2 | H22: =IF(E22="L3 - Advanced",3,IF(E22="L2 - Proficient",2,IF(E22="L1 - Developing",1,""))) | I22: =IF(F22="L3 - Advanced",3,IF(F22="L2 - Proficient",2,IF(F22="L1 - Developing",1,""))) | J22: =IF(G22="L3 - Advanced",3,IF(G22="L2 - Proficient",2,IF(G22="L1 - Developing",1,""))) | M22: Product Know | N22: =H22 | O22: =I22 | P22: =J22 | Q22: 2
... B32: Software & Services Attach | C32: S | D32: L2 | H32: =IF(E32="L3 - Advanced",3,IF(E32="L2 - Proficient",2,IF(E32="L1 - Developing",1,""))) | I32: =IF(F32="L3 - Advanced",3,IF(F32="L2 - Proficient",2,IF(F32="L1 - Developing",1,""))) | J32: =IF(G32="L3 - Advanced",3,IF(G32="L2 - Proficient",2,IF(G32="L1 - Developing",1,""))) | M32: SW/Svc Attach | N32: =H32 | O32: =I32 | P32: =J32 | Q32: 2
B33: AVERAGE MATURITY SCORE | E33: =IFERROR(AVERAGE(H11:H32),"") | F33: =IFERROR(AVERAGE(I11:I32),"") | G33: =IFERROR(AVERAGE(J11:J32),"") | H33: =IFERROR(AVERAGE(H11:J32),"")

Sheet Brian Casserly
B2: SE | D2: Schneider Electric
D3: APEX ASSESSMENT · AM13
B5: Account Manager: Account Manager 19 · Account: Account 19 · Zone: Pacific · Track: Acquisition
B7: Account Manager | D7: Account Manager 19 | E7: Account Name | G7: Account 13 | H7: Zone | I7: Pacific | J7: Track | K7: Acquisition
B8: Self Assessment Date: | E8: Manager Assessment Date: | H8: APEX Panel Date:
E9: ◀ SELF ASSESSMENT ▶ | F9: ◀ MANAGER ASSESSMENT ▶ | G9: ◀ APEX PANEL ASSESSMENT ▶
B10: Capability | C10: Src | D10: Req Lv | E10: SELF (L1/L2/L3) | F10: MANAGER (L1/L2/L3) | G10: APEX PANEL (L1/L2/L3) | H10: Self # | I10: Mgr # | J10: APEX # | K10: Notes / Evidence & Behavioural Observations | M10: Capability | N10: Self | O10: Manager | P10: APEX | Q10: Target
B11: Account Management | C11: SE | D11: L3 | H11: =IF(E11="L3 - Advanced",3,IF(E11="L2 - Proficient",2,IF(E11="L1 - Developing",1,""))) | I11: =IF(F11="L3 - Advanced",3,IF(F11="L2 - Proficient",2,IF(F11="L1 - Developing",1,""))) | J11: =IF(G11="L3 - Advanced",3,IF(G11="L2 - Proficient",2,IF(G11="L1 - Developing",1,""))) | M11: Acct Mgmt | N11: =H11 | O11: =I11 | P11: =J11 | Q11: 2
B12: Strategic Account Ambition | C12: C | D12: L2 | H12: =IF(E12="L3 - Advanced",3,IF(E12="L2 - Proficient",2,IF(E12="L1 - Developing",1,""))) | I12: =IF(F12="L3 - Advanced",3,IF(F12="L2 - Proficient",2,IF(F12="L1 - Developing",1,""))) | J12: =IF(G12="L3 - Advanced",3,IF(G12="L2 - Proficient",2,IF(G12="L1 - Developing",1,""))) | M12: Strat Ambition | N12: =H12 | O12: =I12 | P12: =J12 | Q12: 2
B13: Consultative Selling | C13: SE | D13: L2 | H13: =IF(E13="L3 - Advanced",3,IF(E13="L2 - Proficient",2,IF(E13="L1 - Developing",1,""))) | I13: =IF(F13="L3 - Advanced",3,IF(F13="L2 - Proficient",2,IF(F13="L1 - Developing",1,""))) | J13: =IF(G13="L3 - Advanced",3,IF(G13="L2 - Proficient",2,IF(G13="L1 - Developing",1,""))) | M13: Consultative | N13: =H13 | O13: =I13 | P13: =J13 | Q13: 2
B14: Negotiation | C14: SE | D14: L2 | H14: =IF(E14="L3 - Advanced",3,IF(E14="L2 - Proficient",2,IF(E14="L1 - Developing",1,""))) | I14: =IF(F14="L3 - Advanced",3,IF(F14="L2 - Proficient",2,IF(F14="L1 - Developing",1,""))) | J14: =IF(G14="L3 - Advanced",3,IF(G14="L2 - Proficient",2,IF(G14="L1 - Developing",1,""))) | M14: Negotiation | N14: =H14 | O14: =I14 | P14: =J14 | Q14: 2
B15: Value Creation / Business Case | C15: C | D15: L2 | H15: =IF(E15="L3 - Advanced",3,IF(E15="L2 - Proficient",2,IF(E15="L1 - Developing",1,""))) | I15: =IF(F15="L3 - Advanced",3,IF(F15="L2 - Proficient",2,IF(F15="L1 - Developing",1,""))) | J15: =IF(G15="L3 - Advanced",3,IF(G15="L2 - Proficient",2,IF(G15="L1 - Developing",1,""))) | M15: Value/BizCase | N15: =H15 | O15: =I15 | P15: =J15 | Q15: 2
B16: Customer Relationship Management | C16: SE | D16: L2 | H16: =IF(E16="L3 - Advanced",3,IF(E16="L2 - Proficient",2,IF(E16="L1 - Developing",1,""))) | I16: =IF(F16="L3 - Advanced",3,IF(F16="L2 - Proficient",2,IF(F16="L1 - Developing",1,""))) | J16: =IF(G16="L3 - Advanced",3,IF(G16="L2 - Proficient",2,IF(G16="L1 - Developing",1,""))) | M16: CRM | N16: =H16 | O16: =I16 | P16: =J16 | Q16: 2
B17: Stakeholder Management | C17: SE | D17: L2 | H17: =IF(E17="L3 - Advanced",3,IF(E17="L2 - Proficient",2,IF(E17="L1 - Developing",1,""))) | I17: =IF(F17="L3 - Advanced",3,IF(F17="L2 - Proficient",2,IF(F17="L1 - Developing",1,""))) | J17: =IF(G17="L3 - Advanced",3,IF(G17="L2 - Proficient",2,IF(G17="L1 - Developing",1,""))) | M17: Stakeholder | N17: =H17 | O17: =I17 | P17: =J17 | Q17: 2
B18: Influencing Skills | C18: SE | D18: L2 | H18: =IF(E18="L3 - Advanced",3,IF(E18="L2 - Proficient",2,IF(E18="L1 - Developing",1,""))) | I18: =IF(F18="L3 - Advanced",3,IF(F18="L2 - Proficient",2,IF(F18="L1 - Developing",1,""))) | J18: =IF(G18="L3 - Advanced",3,IF(G18="L2 - Proficient",2,IF(G18="L1 - Developing",1,""))) | M18: Influencing | N18: =H18 | O18: =I18 | P18: =J18 | Q18: 2
B19: Executive Presence | C19: C | D19: L2 | H19: =IF(E19="L3 - Advanced",3,IF(E19="L2 - Proficient",2,IF(E19="L1 - Developing",1,""))) | I19: =IF(F19="L3 - Advanced",3,IF(F19="L2 - Proficient",2,IF(F19="L1 - Developing",1,""))) | J19: =IF(G19="L3 - Advanced",3,IF(G19="L2 - Proficient",2,IF(G19="L1 - Developing",1,""))) | M19: Exec Presence | N19: =H19 | O19: =I19 | P19: =J19 | Q19: 2
B20: C-Level Engagement | C20: C | D20: L2 | H20: =IF(E20="L3 - Advanced",3,IF(E20="L2 - Proficient",2,IF(E20="L1 - Developing",1,""))) | I20: =IF(F20="L3 - Advanced",3,IF(F20="L2 - Proficient",2,IF(F20="L1 - Developing",1,""))) | J20: =IF(G20="L3 - Advanced",3,IF(G20="L2 - Proficient",2,IF(G20="L1 - Developing",1,""))) | M20: C-Level | N20: =H20 | O20: =I20 | P20: =J20 | Q20: 2
B21: Executive Sponsorship Mobilization | C21: C | D21: L2 | H21: =IF(E21="L3 - Advanced",3,IF(E21="L2 - Proficient",2,IF(E21="L1 - Developing",1,""))) | I21: =IF(F21="L3 - Advanced",3,IF(F21="L2 - Proficient",2,IF(F21="L1 - Developing",1,""))) | J21: =IF(G21="L3 - Advanced",3,IF(G21="L2 - Proficient",2,IF(G21="L1 - Developing",1,""))) | M21: Exec Sponsor | N21: =H21 | O21: =I21 | P21: =J21 | Q21: 2
B22: Product Knowledge | C22: SE | D22: L2 | H22: =IF(E22="L3 - Advanced",3,IF(E22="L2 - Proficient",2,IF(E22="L1 - Developing",1,""))) | I22: =IF(F22="L3 - Advanced",3,IF(F22="L2 - Proficient",2,IF(F22="L1 - Developing",1,""))) | J22: =IF(G22="L3 - Advanced",3,IF(G22="L2 - Proficient",2,IF(G22="L1 - Developing",1,""))) | M22: Product Know | N22: =H22 | O22: =I22 | P22: =J22 | Q22: 2
... B32: Software & Services Attach | C32: S | D32: L2 | H32: =IF(E32="L3 - Advanced",3,IF(E32="L2 - Proficient",2,IF(E32="L1 - Developing",1,""))) | I32: =IF(F32="L3 - Advanced",3,IF(F32="L2 - Proficient",2,IF(F32="L1 - Developing",1,""))) | J32: =IF(G32="L3 - Advanced",3,IF(G32="L2 - Proficient",2,IF(G32="L1 - Developing",1,""))) | M32: SW/Svc Attach | N32: =H32 | O32: =I32 | P32: =J32 | Q32: 2
B33: AVERAGE MATURITY SCORE | E33: =IFERROR(AVERAGE(H11:H32),"") | F33: =IFERROR(AVERAGE(I11:I32),"") | G33: =IFERROR(AVERAGE(J11:J32),"") | H33: =IFERROR(AVERAGE(H11:J32),"")

Sheet Vishal Nayak
B2: SE | D2: Schneider Electric
D3: APEX ASSESSMENT · AM14
B5: Account Manager: Account Manager 20 · Account: Account 20 · Zone: Pacific · Track: Saturation
B7: Account Manager | D7: Account Manager 20 | E7: Account Name | G7: Account 14 | H7: Zone | I7: Pacific | J7: Track | K7: Saturation
B8: Self Assessment Date: | E8: Manager Assessment Date: | H8: APEX Panel Date:
E9: ◀ SELF ASSESSMENT ▶ | F9: ◀ MANAGER ASSESSMENT ▶ | G9: ◀ APEX PANEL ASSESSMENT ▶
B10: Capability | C10: Src | D10: Req Lv | E10: SELF (L1/L2/L3) | F10: MANAGER (L1/L2/L3) | G10: APEX PANEL (L1/L2/L3) | H10: Self # | I10: Mgr # | J10: APEX # | K10: Notes / Evidence & Behavioural Observations | M10: Capability | N10: Self | O10: Manager | P10: APEX | Q10: Target
B11: Account Management | C11: SE | D11: L3 | H11: =IF(E11="L3 - Advanced",3,IF(E11="L2 - Proficient",2,IF(E11="L1 - Developing",1,""))) | I11: =IF(F11="L3 - Advanced",3,IF(F11="L2 - Proficient",2,IF(F11="L1 - Developing",1,""))) | J11: =IF(G11="L3 - Advanced",3,IF(G11="L2 - Proficient",2,IF(G11="L1 - Developing",1,""))) | M11: Acct Mgmt | N11: =H11 | O11: =I11 | P11: =J11 | Q11: 2
B12: Strategic Account Ambition | C12: C | D12: L2 | H12: =IF(E12="L3 - Advanced",3,IF(E12="L2 - Proficient",2,IF(E12="L1 - Developing",1,""))) | I12: =IF(F12="L3 - Advanced",3,IF(F12="L2 - Proficient",2,IF(F12="L1 - Developing",1,""))) | J12: =IF(G12="L3 - Advanced",3,IF(G12="L2 - Proficient",2,IF(G12="L1 - Developing",1,""))) | M12: Strat Ambition | N12: =H12 | O12: =I12 | P12: =J12 | Q12: 2
B13: Consultative Selling | C13: SE | D13: L2 | H13: =IF(E13="L3 - Advanced",3,IF(E13="L2 - Proficient",2,IF(E13="L1 - Developing",1,""))) | I13: =IF(F13="L3 - Advanced",3,IF(F13="L2 - Proficient",2,IF(F13="L1 - Developing",1,""))) | J13: =IF(G13="L3 - Advanced",3,IF(G13="L2 - Proficient",2,IF(G13="L1 - Developing",1,""))) | M13: Consultative | N13: =H13 | O13: =I13 | P13: =J13 | Q13: 2
B14: Negotiation | C14: SE | D14: L2 | H14: =IF(E14="L3 - Advanced",3,IF(E14="L2 - Proficient",2,IF(E14="L1 - Developing",1,""))) | I14: =IF(F14="L3 - Advanced",3,IF(F14="L2 - Proficient",2,IF(F14="L1 - Developing",1,""))) | J14: =IF(G14="L3 - Advanced",3,IF(G14="L2 - Proficient",2,IF(G14="L1 - Developing",1,""))) | M14: Negotiation | N14: =H14 | O14: =I14 | P14: =J14 | Q14: 2
B15: Value Creation / Business Case | C15: C | D15: L2 | H15: =IF(E15="L3 - Advanced",3,IF(E15="L2 - Proficient",2,IF(E15="L1 - Developing",1,""))) | I15: =IF(F15="L3 - Advanced",3,IF(F15="L2 - Proficient",2,IF(F15="L1 - Developing",1,""))) | J15: =IF(G15="L3 - Advanced",3,IF(G15="L2 - Proficient",2,IF(G15="L1 - Developing",1,""))) | M15: Value/BizCase | N15: =H15 | O15: =I15 | P15: =J15 | Q15: 2
B16: Customer Relationship Management | C16: SE | D16: L2 | H16: =IF(E16="L3 - Advanced",3,IF(E16="L2 - Proficient",2,IF(E16="L1 - Developing",1,""))) | I16: =IF(F16="L3 - Advanced",3,IF(F16="L2 - Proficient",2,IF(F16="L1 - Developing",1,""))) | J16: =IF(G16="L3 - Advanced",3,IF(G16="L2 - Proficient",2,IF(G16="L1 - Developing",1,""))) | M16: CRM | N16: =H16 | O16: =I16 | P16: =J16 | Q16: 2
B17: Stakeholder Management | C17: SE | D17: L2 | H17: =IF(E17="L3 - Advanced",3,IF(E17="L2 - Proficient",2,IF(E17="L1 - Developing",1,""))) | I17: =IF(F17="L3 - Advanced",3,IF(F17="L2 - Proficient",2,IF(F17="L1 - Developing",1,""))) | J17: =IF(G17="L3 - Advanced",3,IF(G17="L2 - Proficient",2,IF(G17="L1 - Developing",1,""))) | M17: Stakeholder | N17: =H17 | O17: =I17 | P17: =J17 | Q17: 2
B18: Influencing Skills | C18: SE | D18: L2 | H18: =IF(E18="L3 - Advanced",3,IF(E18="L2 - Proficient",2,IF(E18="L1 - Developing",1,""))) | I18: =IF(F18="L3 - Advanced",3,IF(F18="L2 - Proficient",2,IF(F18="L1 - Developing",1,""))) | J18: =IF(G18="L3 - Advanced",3,IF(G18="L2 - Proficient",2,IF(G18="L1 - Developing",1,""))) | M18: Influencing | N18: =H18 | O18: =I18 | P18: =J18 | Q18: 2
B19: Executive Presence | C19: C | D19: L2 | H19: =IF(E19="L3 - Advanced",3,IF(E19="L2 - Proficient",2,IF(E19="L1 - Developing",1,""))) | I19: =IF(F19="L3 - Advanced",3,IF(F19="L2 - Proficient",2,IF(F19="L1 - Developing",1,""))) | J19: =IF(G19="L3 - Advanced",3,IF(G19="L2 - Proficient",2,IF(G19="L1 - Developing",1,""))) | M19: Exec Presence | N19: =H19 | O19: =I19 | P19: =J19 | Q19: 2
B20: C-Level Engagement | C20: C | D20: L2 | H20: =IF(E20="L3 - Advanced",3,IF(E20="L2 - Proficient",2,IF(E20="L1 - Developing",1,""))) | I20: =IF(F20="L3 - Advanced",3,IF(F20="L2 - Proficient",2,IF(F20="L1 - Developing",1,""))) | J20: =IF(G20="L3 - Advanced",3,IF(G20="L2 - Proficient",2,IF(G20="L1 - Developing",1,""))) | M20: C-Level | N20: =H20 | O20: =I20 | P20: =J20 | Q20: 2
B21: Executive Sponsorship Mobilization | C21: C | D21: L2 | H21: =IF(E21="L3 - Advanced",3,IF(E21="L2 - Proficient",2,IF(E21="L1 - Developing",1,""))) | I21: =IF(F21="L3 - Advanced",3,IF(F21="L2 - Proficient",2,IF(F21="L1 - Developing",1,""))) | J21: =IF(G21="L3 - Advanced",3,IF(G21="L2 - Proficient",2,IF(G21="L1 - Developing",1,""))) | M21: Exec Sponsor | N21: =H21 | O21: =I21 | P21: =J21 | Q21: 2
B22: Product Knowledge | C22: SE | D22: L2 | H22: =IF(E22="L3 - Advanced",3,IF(E22="L2 - Proficient",2,IF(E22="L1 - Developing",1,""))) | I22: =IF(F22="L3 - Advanced",3,IF(F22="L2 - Proficient",2,IF(F22="L1 - Developing",1,""))) | J22: =IF(G22="L3 - Advanced",3,IF(G22="L2 - Proficient",2,IF(G22="L1 - Developing",1,""))) | M22: Product Know | N22: =H22 | O22: =I22 | P22: =J22 | Q22: 2
... B32: Software & Services Attach | C32: S | D32: L2 | H32: =IF(E32="L3 - Advanced",3,IF(E32="L2 - Proficient",2,IF(E32="L1 - Developing",1,""))) | I32: =IF(F32="L3 - Advanced",3,IF(F32="L2 - Proficient",2,IF(F32="L1 - Developing",1,""))) | J32: =IF(G32="L3 - Advanced",3,IF(G32="L2 - Proficient",2,IF(G32="L1 - Developing",1,""))) | M32: SW/Svc Attach | N32: =H32 | O32: =I32 | P32: =J32 | Q32: 2
B33: AVERAGE MATURITY SCORE | E33: =IFERROR(AVERAGE(H11:H32),"") | F33: =IFERROR(AVERAGE(I11:I32),"") | G33: =IFERROR(AVERAGE(J11:J32),"") | H33: =IFERROR(AVERAGE(H11:J32),"")

Sheet Franky Chan
B2: SE | D2: Schneider Electric
D3: APEX ASSESSMENT · AM15
B5: Account Manager: Account Manager 21 · Account: Account 21 · Zone: Pacific · Track: Saturation
B7: Account Manager | D7: Account Manager 21 | E7: Account Name | G7: Account 15 | H7: Zone | I7: Pacific | J7: Track | K7: Saturation
B8: Self Assessment Date: | E8: Manager Assessment Date: | H8: APEX Panel Date:
E9: ◀ SELF ASSESSMENT ▶ | F9: ◀ MANAGER ASSESSMENT ▶ | G9: ◀ APEX PANEL ASSESSMENT ▶
B10: Capability | C10: Src | D10: Req Lv | E10: SELF (L1/L2/L3) | F10: MANAGER (L1/L2/L3) | G10: APEX PANEL (L1/L2/L3) | H10: Self # | I10: Mgr # | J10: APEX # | K10: Notes / Evidence & Behavioural Observations | M10: Capability | N10: Self | O10: Manager | P10: APEX | Q10: Target
B11: Account Management | C11: SE | D11: L3 | H11: =IF(E11="L3 - Advanced",3,IF(E11="L2 - Proficient",2,IF(E11="L1 - Developing",1,""))) | I11: =IF(F11="L3 - Advanced",3,IF(F11="L2 - Proficient",2,IF(F11="L1 - Developing",1,""))) | J11: =IF(G11="L3 - Advanced",3,IF(G11="L2 - Proficient",2,IF(G11="L1 - Developing",1,""))) | M11: Acct Mgmt | N11: =H11 | O11: =I11 | P11: =J11 | Q11: 2
B12: Strategic Account Ambition | C12: C | D12: L2 | H12: =IF(E12="L3 - Advanced",3,IF(E12="L2 - Proficient",2,IF(E12="L1 - Developing",1,""))) | I12: =IF(F12="L3 - Advanced",3,IF(F12="L2 - Proficient",2,IF(F12="L1 - Developing",1,""))) | J12: =IF(G12="L3 - Advanced",3,IF(G12="L2 - Proficient",2,IF(G12="L1 - Developing",1,""))) | M12: Strat Ambition | N12: =H12 | O12: =I12 | P12: =J12 | Q12: 2
B13: Consultative Selling | C13: SE | D13: L2 | H13: =IF(E13="L3 - Advanced",3,IF(E13="L2 - Proficient",2,IF(E13="L1 - Developing",1,""))) | I13: =IF(F13="L3 - Advanced",3,IF(F13="L2 - Proficient",2,IF(F13="L1 - Developing",1,""))) | J13: =IF(G13="L3 - Advanced",3,IF(G13="L2 - Proficient",2,IF(G13="L1 - Developing",1,""))) | M13: Consultative | N13: =H13 | O13: =I13 | P13: =J13 | Q13: 2
B14: Negotiation | C14: SE | D14: L2 | H14: =IF(E14="L3 - Advanced",3,IF(E14="L2 - Proficient",2,IF(E14="L1 - Developing",1,""))) | I14: =IF(F14="L3 - Advanced",3,IF(F14="L2 - Proficient",2,IF(F14="L1 - Developing",1,""))) | J14: =IF(G14="L3 - Advanced",3,IF(G14="L2 - Proficient",2,IF(G14="L1 - Developing",1,""))) | M14: Negotiation | N14: =H14 | O14: =I14 | P14: =J14 | Q14: 2
B15: Value Creation / Business Case | C15: C | D15: L2 | H15: =IF(E15="L3 - Advanced",3,IF(E15="L2 - Proficient",2,IF(E15="L1 - Developing",1,""))) | I15: =IF(F15="L3 - Advanced",3,IF(F15="L2 - Proficient",2,IF(F15="L1 - Developing",1,""))) | J15: =IF(G15="L3 - Advanced",3,IF(G15="L2 - Proficient",2,IF(G15="L1 - Developing",1,""))) | M15: Value/BizCase | N15: =H15 | O15: =I15 | P15: =J15 | Q15: 2
B16: Customer Relationship Management | C16: SE | D16: L2 | H16: =IF(E16="L3 - Advanced",3,IF(E16="L2 - Proficient",2,IF(E16="L1 - Developing",1,""))) | I16: =IF(F16="L3 - Advanced",3,IF(F16="L2 - Proficient",2,IF(F16="L1 - Developing",1,""))) | J16: =IF(G16="L3 - Advanced",3,IF(G16="L2 - Proficient",2,IF(G16="L1 - Developing",1,""))) | M16: CRM | N16: =H16 | O16: =I16 | P16: =J16 | Q16: 2
B17: Stakeholder Management | C17: SE | D17: L2 | H17: =IF(E17="L3 - Advanced",3,IF(E17="L2 - Proficient",2,IF(E17="L1 - Developing",1,""))) | I17: =IF(F17="L3 - Advanced",3,IF(F17="L2 - Proficient",2,IF(F17="L1 - Developing",1,""))) | J17: =IF(G17="L3 - Advanced",3,IF(G17="L2 - Proficient",2,IF(G17="L1 - Developing",1,""))) | M17: Stakeholder | N17: =H17 | O17: =I17 | P17: =J17 | Q17: 2
B18: Influencing Skills | C18: SE | D18: L2 | H18: =IF(E18="L3 - Advanced",3,IF(E18="L2 - Proficient",2,IF(E18="L1 - Developing",1,""))) | I18: =IF(F18="L3 - Advanced",3,IF(F18="L2 - Proficient",2,IF(F18="L1 - Developing",1,""))) | J18: =IF(G18="L3 - Advanced",3,IF(G18="L2 - Proficient",2,IF(G18="L1 - Developing",1,""))) | M18: Influencing | N18: =H18 | O18: =I18 | P18: =J18 | Q18: 2
B19: Executive Presence | C19: C | D19: L2 | H19: =IF(E19="L3 - Advanced",3,IF(E19="L2 - Proficient",2,IF(E19="L1 - Developing",1,""))) | I19: =IF(F19="L3 - Advanced",3,IF(F19="L2 - Proficient",2,IF(F19="L1 - Developing",1,""))) | J19: =IF(G19="L3 - Advanced",3,IF(G19="L2 - Proficient",2,IF(G19="L1 - Developing",1,""))) | M19: Exec Presence | N19: =H19 | O19: =I19 | P19: =J19 | Q19: 2
B20: C-Level Engagement | C20: C | D20: L2 | H20: =IF(E20="L3 - Advanced",3,IF(E20="L2 - Proficient",2,IF(E20="L1 - Developing",1,""))) | I20: =IF(F20="L3 - Advanced",3,IF(F20="L2 - Proficient",2,IF(F20="L1 - Developing",1,""))) | J20: =IF(G20="L3 - Advanced",3,IF(G20="L2 - Proficient",2,IF(G20="L1 - Developing",1,""))) | M20: C-Level | N20: =H20 | O20: =I20 | P20: =J20 | Q20: 2
B21: Executive Sponsorship Mobilization | C21: C | D21: L2 | H21: =IF(E21="L3 - Advanced",3,IF(E21="L2 - Proficient",2,IF(E21="L1 - Developing",1,""))) | I21: =IF(F21="L3 - Advanced",3,IF(F21="L2 - Proficient",2,IF(F21="L1 - Developing",1,""))) | J21: =IF(G21="L3 - Advanced",3,IF(G21="L2 - Proficient",2,IF(G21="L1 - Developing",1,""))) | M21: Exec Sponsor | N21: =H21 | O21: =I21 | P21: =J21 | Q21: 2
B22: Product Knowledge | C22: SE | D22: L2 | H22: =IF(E22="L3 - Advanced",3,IF(E22="L2 - Proficient",2,IF(E22="L1 - Developing",1,""))) | I22: =IF(F22="L3 - Advanced",3,IF(F22="L2 - Proficient",2,IF(F22="L1 - Developing",1,""))) | J22: =IF(G22="L3 - Advanced",3,IF(G22="L2 - Proficient",2,IF(G22="L1 - Developing",1,""))) | M22: Product Know | N22: =H22 | O22: =I22 | P22: =J22 | Q22: 2
... B32: Software & Services Attach | C32: S | D32: L2 | H32: =IF(E32="L3 - Advanced",3,IF(E32="L2 - Proficient",2,IF(E32="L1 - Developing",1,""))) | I32: =IF(F32="L3 - Advanced",3,IF(F32="L2 - Proficient",2,IF(F32="L1 - Developing",1,""))) | J32: =IF(G32="L3 - Advanced",3,IF(G32="L2 - Proficient",2,IF(G32="L1 - Developing",1,""))) | M32: SW/Svc Attach | N32: =H32 | O32: =I32 | P32: =J32 | Q32: 2
B33: AVERAGE MATURITY SCORE | E33: =IFERROR(AVERAGE(H11:H32),"") | F33: =IFERROR(AVERAGE(I11:I32),"") | G33: =IFERROR(AVERAGE(J11:J32),"") | H33: =IFERROR(AVERAGE(H11:J32),"")

Sheet AM22
B2: SE | D2: Schneider Electric
D3: APEX ASSESSMENT · AM22
B5: Account Manager: Account Manager 22 · Account: Account 22 · Zone: Pacific · Track: Acquisition
B7: Account Manager | D7: Account Manager 22 | E7: Account Name | G7: Account 22 | H7: Zone | I7: Pacific | J7: Track | K7: Acquisition
B8: Self Assessment Date: | E8: Manager Assessment Date: | H8: APEX Panel Date:
E9: ◀ SELF ASSESSMENT ▶ | F9: ◀ MANAGER ASSESSMENT ▶ | G9: ◀ APEX PANEL ASSESSMENT ▶
B10: Capability | C10: Src | D10: Req Lv | E10: SELF (L1/L2/L3) | F10: MANAGER (L1/L2/L3) | G10: APEX PANEL (L1/L2/L3) | H10: Self # | I10: Mgr # | J10: APEX # | K10: Notes / Evidence & Behavioural Observations | M10: Capability | N10: Self | O10: Manager | P10: APEX | Q10: Target
B11: Account Management | C11: SE | D11: L3 | H11: =IF(E11="L3 - Advanced",3,IF(E11="L2 - Proficient",2,IF(E11="L1 - Developing",1,""))) | I11: =IF(F11="L3 - Advanced",3,IF(F11="L2 - Proficient",2,IF(F11="L1 - Developing",1,""))) | J11: =IF(G11="L3 - Advanced",3,IF(G11="L2 - Proficient",2,IF(G11="L1 - Developing",1,""))) | M11: Acct Mgmt | N11: =H11 | O11: =I11 | P11: =J11 | Q11: 2
B12: Strategic Account Ambition | C12: C | D12: L2 | H12: =IF(E12="L3 - Advanced",3,IF(E12="L2 - Proficient",2,IF(E12="L1 - Developing",1,""))) | I12: =IF(F12="L3 - Advanced",3,IF(F12="L2 - Proficient",2,IF(F12="L1 - Developing",1,""))) | J12: =IF(G12="L3 - Advanced",3,IF(G12="L2 - Proficient",2,IF(G12="L1 - Developing",1,""))) | M12: Strat Ambition | N12: =H12 | O12: =I12 | P12: =J12 | Q12: 2
B13: Consultative Selling | C13: SE | D13: L2 | H13: =IF(E13="L3 - Advanced",3,IF(E13="L2 - Proficient",2,IF(E13="L1 - Developing",1,""))) | I13: =IF(F13="L3 - Advanced",3,IF(F13="L2 - Proficient",2,IF(F13="L1 - Developing",1,""))) | J13: =IF(G13="L3 - Advanced",3,IF(G13="L2 - Proficient",2,IF(G13="L1 - Developing",1,""))) | M13: Consultative | N13: =H13 | O13: =I13 | P13: =J13 | Q13: 2
B14: Negotiation | C14: SE | D14: L2 | H14: =IF(E14="L3 - Advanced",3,IF(E14="L2 - Proficient",2,IF(E14="L1 - Developing",1,""))) | I14: =IF(F14="L3 - Advanced",3,IF(F14="L2 - Proficient",2,IF(F14="L1 - Developing",1,""))) | J14: =IF(G14="L3 - Advanced",3,IF(G14="L2 - Proficient",2,IF(G14="L1 - Developing",1,""))) | M14: Negotiation | N14: =H14 | O14: =I14 | P14: =J14 | Q14: 2
B15: Value Creation / Business Case | C15: C | D15: L2 | H15: =IF(E15="L3 - Advanced",3,IF(E15="L2 - Proficient",2,IF(E15="L1 - Developing",1,""))) | I15: =IF(F15="L3 - Advanced",3,IF(F15="L2 - Proficient",2,IF(F15="L1 - Developing",1,""))) | J15: =IF(G15="L3 - Advanced",3,IF(G15="L2 - Proficient",2,IF(G15="L1 - Developing",1,""))) | M15: Value/BizCase | N15: =H15 | O15: =I15 | P15: =J15 | Q15: 2
B16: Customer Relationship Management | C16: SE | D16: L2 | H16: =IF(E16="L3 - Advanced",3,IF(E16="L2 - Proficient",2,IF(E16="L1 - Developing",1,""))) | I16: =IF(F16="L3 - Advanced",3,IF(F16="L2 - Proficient",2,IF(F16="L1 - Developing",1,""))) | J16: =IF(G16="L3 - Advanced",3,IF(G16="L2 - Proficient",2,IF(G16="L1 - Developing",1,""))) | M16: CRM | N16: =H16 | O16: =I16 | P16: =J16 | Q16: 2
B17: Stakeholder Management | C17: SE | D17: L2 | H17: =IF(E17="L3 - Advanced",3,IF(E17="L2 - Proficient",2,IF(E17="L1 - Developing",1,""))) | I17: =IF(F17="L3 - Advanced",3,IF(F17="L2 - Proficient",2,IF(F17="L1 - Developing",1,""))) | J17: =IF(G17="L3 - Advanced",3,IF(G17="L2 - Proficient",2,IF(G17="L1 - Developing",1,""))) | M17: Stakeholder | N17: =H17 | O17: =I17 | P17: =J17 | Q17: 2
B18: Influencing Skills | C18: SE | D18: L2 | H18: =IF(E18="L3 - Advanced",3,IF(E18="L2 - Proficient",2,IF(E18="L1 - Developing",1,""))) | I18: =IF(F18="L3 - Advanced",3,IF(F18="L2 - Proficient",2,IF(F18="L1 - Developing",1,""))) | J18: =IF(G18="L3 - Advanced",3,IF(G18="L2 - Proficient",2,IF(G18="L1 - Developing",1,""))) | M18: Influencing | N18: =H18 | O18: =I18 | P18: =J18 | Q18: 2
B19: Executive Presence | C19: C | D19: L2 | H19: =IF(E19="L3 - Advanced",3,IF(E19="L2 - Proficient",2,IF(E19="L1 - Developing",1,""))) | I19: =IF(F19="L3 - Advanced",3,IF(F19="L2 - Proficient",2,IF(F19="L1 - Developing",1,""))) | J19: =IF(G19="L3 - Advanced",3,IF(G19="L2 - Proficient",2,IF(G19="L1 - Developing",1,""))) | M19: Exec Presence | N19: =H19 | O19: =I19 | P19: =J19 | Q19: 2
B20: C-Level Engagement | C20: C | D20: L2 | H20: =IF(E20="L3 - Advanced",3,IF(E20="L2 - Proficient",2,IF(E20="L1 - Developing",1,""))) | I20: =IF(F20="L3 - Advanced",3,IF(F20="L2 - Proficient",2,IF(F20="L1 - Developing",1,""))) | J20: =IF(G20="L3 - Advanced",3,IF(G20="L2 - Proficient",2,IF(G20="L1 - Developing",1,""))) | M20: C-Level | N20: =H20 | O20: =I20 | P20: =J20 | Q20: 2
B21: Executive Sponsorship Mobilization | C21: C | D21: L2 | H21: =IF(E21="L3 - Advanced",3,IF(E21="L2 - Proficient",2,IF(E21="L1 - Developing",1,""))) | I21: =IF(F21="L3 - Advanced",3,IF(F21="L2 - Proficient",2,IF(F21="L1 - Developing",1,""))) | J21: =IF(G21="L3 - Advanced",3,IF(G21="L2 - Proficient",2,IF(G21="L1 - Developing",1,""))) | M21: Exec Sponsor | N21: =H21 | O21: =I21 | P21: =J21 | Q21: 2
B22: Product Knowledge | C22: SE | D22: L2 | H22: =IF(E22="L3 - Advanced",3,IF(E22="L2 - Proficient",2,IF(E22="L1 - Developing",1,""))) | I22: =IF(F22="L3 - Advanced",3,IF(F22="L2 - Proficient",2,IF(F22="L1 - Developing",1,""))) | J22: =IF(G22="L3 - Advanced",3,IF(G22="L2 - Proficient",2,IF(G22="L1 - Developing",1,""))) | M22: Product Know | N22: =H22 | O22: =I22 | P22: =J22 | Q22: 2
... B32: Software & Services Attach | C32: S | D32: L2 | H32: =IF(E32="L3 - Advanced",3,IF(E32="L2 - Proficient",2,IF(E32="L1 - Developing",1,""))) | I32: =IF(F32="L3 - Advanced",3,IF(F32="L2 - Proficient",2,IF(F32="L1 - Developing",1,""))) | J32: =IF(G32="L3 - Advanced",3,IF(G32="L2 - Proficient",2,IF(G32="L1 - Developing",1,""))) | M32: SW/Svc Attach | N32: =H32 | O32: =I32 | P32: =J32 | Q32: 2
B33: AVERAGE MATURITY SCORE | E33: =IFERROR(AVERAGE(H11:H32),"") | F33: =IFERROR(AVERAGE(I11:I32),"") | G33: =IFERROR(AVERAGE(J11:J32),"") | H33: =IFERROR(AVERAGE(H11:J32),"")

Sheet AM23
B2: SE | D2: Schneider Electric
D3: APEX ASSESSMENT · AM23
B5: Account Manager: Account Manager 23 · Account: Account 23 · Zone: Pacific · Track: Saturation
B7: Account Manager | D7: Account Manager 23 | E7: Account Name | G7: Account 23 | H7: Zone | I7: Pacific | J7: Track | K7: Saturation
B8: Self Assessment Date: | E8: Manager Assessment Date: | H8: APEX Panel Date:
E9: ◀ SELF ASSESSMENT ▶ | F9: ◀ MANAGER ASSESSMENT ▶ | G9: ◀ APEX PANEL ASSESSMENT ▶
B10: Capability | C10: Src | D10: Req Lv | E10: SELF (L1/L2/L3) | F10: MANAGER (L1/L2/L3) | G10: APEX PANEL (L1/L2/L3) | H10: Self # | I10: Mgr # | J10: APEX # | K10: Notes / Evidence & Behavioural Observations | M10: Capability | N10: Self | O10: Manager | P10: APEX | Q10: Target
B11: Account Management | C11: SE | D11: L3 | H11: =IF(E11="L3 - Advanced",3,IF(E11="L2 - Proficient",2,IF(E11="L1 - Developing",1,""))) | I11: =IF(F11="L3 - Advanced",3,IF(F11="L2 - Proficient",2,IF(F11="L1 - Developing",1,""))) | J11: =IF(G11="L3 - Advanced",3,IF(G11="L2 - Proficient",2,IF(G11="L1 - Developing",1,""))) | M11: Acct Mgmt | N11: =H11 | O11: =I11 | P11: =J11 | Q11: 2
B12: Strategic Account Ambition | C12: C | D12: L2 | H12: =IF(E12="L3 - Advanced",3,IF(E12="L2 - Proficient",2,IF(E12="L1 - Developing",1,""))) | I12: =IF(F12="L3 - Advanced",3,IF(F12="L2 - Proficient",2,IF(F12="L1 - Developing",1,""))) | J12: =IF(G12="L3 - Advanced",3,IF(G12="L2 - Proficient",2,IF(G12="L1 - Developing",1,""))) | M12: Strat Ambition | N12: =H12 | O12: =I12 | P12: =J12 | Q12: 2
B13: Consultative Selling | C13: SE | D13: L2 | H13: =IF(E13="L3 - Advanced",3,IF(E13="L2 - Proficient",2,IF(E13="L1 - Developing",1,""))) | I13: =IF(F13="L3 - Advanced",3,IF(F13="L2 - Proficient",2,IF(F13="L1 - Developing",1,""))) | J13: =IF(G13="L3 - Advanced",3,IF(G13="L2 - Proficient",2,IF(G13="L1 - Developing",1,""))) | M13: Consultative | N13: =H13 | O13: =I13 | P13: =J13 | Q13: 2
B14: Negotiation | C14: SE | D14: L2 | H14: =IF(E14="L3 - Advanced",3,IF(E14="L2 - Proficient",2,IF(E14="L1 - Developing",1,""))) | I14: =IF(F14="L3 - Advanced",3,IF(F14="L2 - Proficient",2,IF(F14="L1 - Developing",1,""))) | J14: =IF(G14="L3 - Advanced",3,IF(G14="L2 - Proficient",2,IF(G14="L1 - Developing",1,""))) | M14: Negotiation | N14: =H14 | O14: =I14 | P14: =J14 | Q14: 2
B15: Value Creation / Business Case | C15: C | D15: L2 | H15: =IF(E15="L3 - Advanced",3,IF(E15="L2 - Proficient",2,IF(E15="L1 - Developing",1,""))) | I15: =IF(F15="L3 - Advanced",3,IF(F15="L2 - Proficient",2,IF(F15="L1 - Developing",1,""))) | J15: =IF(G15="L3 - Advanced",3,IF(G15="L2 - Proficient",2,IF(G15="L1 - Developing",1,""))) | M15: Value/BizCase | N15: =H15 | O15: =I15 | P15: =J15 | Q15: 2
B16: Customer Relationship Management | C16: SE | D16: L2 | H16: =IF(E16="L3 - Advanced",3,IF(E16="L2 - Proficient",2,IF(E16="L1 - Developing",1,""))) | I16: =IF(F16="L3 - Advanced",3,IF(F16="L2 - Proficient",2,IF(F16="L1 - Developing",1,""))) | J16: =IF(G16="L3 - Advanced",3,IF(G16="L2 - Proficient",2,IF(G16="L1 - Developing",1,""))) | M16: CRM | N16: =H16 | O16: =I16 | P16: =J16 | Q16: 2
B17: Stakeholder Management | C17: SE | D17: L2 | H17: =IF(E17="L3 - Advanced",3,IF(E17="L2 - Proficient",2,IF(E17="L1 - Developing",1,""))) | I17: =IF(F17="L3 - Advanced",3,IF(F17="L2 - Proficient",2,IF(F17="L1 - Developing",1,""))) | J17: =IF(G17="L3 - Advanced",3,IF(G17="L2 - Proficient",2,IF(G17="L1 - Developing",1,""))) | M17: Stakeholder | N17: =H17 | O17: =I17 | P17: =J17 | Q17: 2
B18: Influencing Skills | C18: SE | D18: L2 | H18: =IF(E18="L3 - Advanced",3,IF(E18="L2 - Proficient",2,IF(E18="L1 - Developing",1,""))) | I18: =IF(F18="L3 - Advanced",3,IF(F18="L2 - Proficient",2,IF(F18="L1 - Developing",1,""))) | J18: =IF(G18="L3 - Advanced",3,IF(G18="L2 - Proficient",2,IF(G18="L1 - Developing",1,""))) | M18: Influencing | N18: =H18 | O18: =I18 | P18: =J18 | Q18: 2
B19: Executive Presence | C19: C | D19: L2 | H19: =IF(E19="L3 - Advanced",3,IF(E19="L2 - Proficient",2,IF(E19="L1 - Developing",1,""))) | I19: =IF(F19="L3 - Advanced",3,IF(F19="L2 - Proficient",2,IF(F19="L1 - Developing",1,""))) | J19: =IF(G19="L3 - Advanced",3,IF(G19="L2 - Proficient",2,IF(G19="L1 - Developing",1,""))) | M19: Exec Presence | N19: =H19 | O19: =I19 | P19: =J19 | Q19: 2
B20: C-Level Engagement | C20: C | D20: L2 | H20: =IF(E20="L3 - Advanced",3,IF(E20="L2 - Proficient",2,IF(E20="L1 - Developing",1,""))) | I20: =IF(F20="L3 - Advanced",3,IF(F20="L2 - Proficient",2,IF(F20="L1 - Developing",1,""))) | J20: =IF(G20="L3 - Advanced",3,IF(G20="L2 - Proficient",2,IF(G20="L1 - Developing",1,""))) | M20: C-Level | N20: =H20 | O20: =I20 | P20: =J20 | Q20: 2
B21: Executive Sponsorship Mobilization | C21: C | D21: L2 | H21: =IF(E21="L3 - Advanced",3,IF(E21="L2 - Proficient",2,IF(E21="L1 - Developing",1,""))) | I21: =IF(F21="L3 - Advanced",3,IF(F21="L2 - Proficient",2,IF(F21="L1 - Developing",1,""))) | J21: =IF(G21="L3 - Advanced",3,IF(G21="L2 - Proficient",2,IF(G21="L1 - Developing",1,""))) | M21: Exec Sponsor | N21: =H21 | O21: =I21 | P21: =J21 | Q21: 2
B22: Product Knowledge | C22: SE | D22: L2 | H22: =IF(E22="L3 - Advanced",3,IF(E22="L2 - Proficient",2,IF(E22="L1 - Developing",1,""))) | I22: =IF(F22="L3 - Advanced",3,IF(F22="L2 - Proficient",2,IF(F22="L1 - Developing",1,""))) | J22: =IF(G22="L3 - Advanced",3,IF(G22="L2 - Proficient",2,IF(G22="L1 - Developing",1,""))) | M22: Product Know | N22: =H22 | O22: =I22 | P22: =J22 | Q22: 2
... B32: Software & Services Attach | C32: S | D32: L2 | H32: =IF(E32="L3 - Advanced",3,IF(E32="L2 - Proficient",2,IF(E32="L1 - Developing",1,""))) | I32: =IF(F32="L3 - Advanced",3,IF(F32="L2 - Proficient",2,IF(F32="L1 - Developing",1,""))) | J32: =IF(G32="L3 - Advanced",3,IF(G32="L2 - Proficient",2,IF(G32="L1 - Developing",1,""))) | M32: SW/Svc Attach | N32: =H32 | O32: =I32 | P32: =J32 | Q32: 2
B33: AVERAGE MATURITY SCORE | E33: =IFERROR(AVERAGE(H11:H32),"") | F33: =IFERROR(AVERAGE(I11:I32),"") | G33: =IFERROR(AVERAGE(J11:J32),"") | H33: =IFERROR(AVERAGE(H11:J32),"")

Sheet AM24
B2: SE | D2: Schneider Electric
D3: APEX ASSESSMENT · AM24
B5: Account Manager: Account Manager 24 · Account: Account 24 · Zone: Pacific · Track: Acquisition
B7: Account Manager | D7: Account Manager 24 | E7: Account Name | G7: Account 24 | H7: Zone | I7: Pacific | J7: Track | K7: Acquisition
B8: Self Assessment Date: | E8: Manager Assessment Date: | H8: APEX Panel Date:
E9: ◀ SELF ASSESSMENT ▶ | F9: ◀ MANAGER ASSESSMENT ▶ | G9: ◀ APEX PANEL ASSESSMENT ▶
B10: Capability | C10: Src | D10: Req Lv | E10: SELF (L1/L2/L3) | F10: MANAGER (L1/L2/L3) | G10: APEX PANEL (L1/L2/L3) | H10: Self # | I10: Mgr # | J10: APEX # | K10: Notes / Evidence & Behavioural Observations | M10: Capability | N10: Self | O10: Manager | P10: APEX | Q10: Target
B11: Account Management | C11: SE | D11: L3 | H11: =IF(E11="L3 - Advanced",3,IF(E11="L2 - Proficient",2,IF(E11="L1 - Developing",1,""))) | I11: =IF(F11="L3 - Advanced",3,IF(F11="L2 - Proficient",2,IF(F11="L1 - Developing",1,""))) | J11: =IF(G11="L3 - Advanced",3,IF(G11="L2 - Proficient",2,IF(G11="L1 - Developing",1,""))) | M11: Acct Mgmt | N11: =H11 | O11: =I11 | P11: =J11 | Q11: 2
B12: Strategic Account Ambition | C12: C | D12: L2 | H12: =IF(E12="L3 - Advanced",3,IF(E12="L2 - Proficient",2,IF(E12="L1 - Developing",1,""))) | I12: =IF(F12="L3 - Advanced",3,IF(F12="L2 - Proficient",2,IF(F12="L1 - Developing",1,""))) | J12: =IF(G12="L3 - Advanced",3,IF(G12="L2 - Proficient",2,IF(G12="L1 - Developing",1,""))) | M12: Strat Ambition | N12: =H12 | O12: =I12 | P12: =J12 | Q12: 2
B13: Consultative Selling | C13: SE | D13: L2 | H13: =IF(E13="L3 - Advanced",3,IF(E13="L2 - Proficient",2,IF(E13="L1 - Developing",1,""))) | I13: =IF(F13="L3 - Advanced",3,IF(F13="L2 - Proficient",2,IF(F13="L1 - Developing",1,""))) | J13: =IF(G13="L3 - Advanced",3,IF(G13="L2 - Proficient",2,IF(G13="L1 - Developing",1,""))) | M13: Consultative | N13: =H13 | O13: =I13 | P13: =J13 | Q13: 2
B14: Negotiation | C14: SE | D14: L2 | H14: =IF(E14="L3 - Advanced",3,IF(E14="L2 - Proficient",2,IF(E14="L1 - Developing",1,""))) | I14: =IF(F14="L3 - Advanced",3,IF(F14="L2 - Proficient",2,IF(F14="L1 - Developing",1,""))) | J14: =IF(G14="L3 - Advanced",3,IF(G14="L2 - Proficient",2,IF(G14="L1 - Developing",1,""))) | M14: Negotiation | N14: =H14 | O14: =I14 | P14: =J14 | Q14: 2
B15: Value Creation / Business Case | C15: C | D15: L2 | H15: =IF(E15="L3 - Advanced",3,IF(E15="L2 - Proficient",2,IF(E15="L1 - Developing",1,""))) | I15: =IF(F15="L3 - Advanced",3,IF(F15="L2 - Proficient",2,IF(F15="L1 - Developing",1,""))) | J15: =IF(G15="L3 - Advanced",3,IF(G15="L2 - Proficient",2,IF(G15="L1 - Developing",1,""))) | M15: Value/BizCase | N15: =H15 | O15: =I15 | P15: =J15 | Q15: 2
B16: Customer Relationship Management | C16: SE | D16: L2 | H16: =IF(E16="L3 - Advanced",3,IF(E16="L2 - Proficient",2,IF(E16="L1 - Developing",1,""))) | I16: =IF(F16="L3 - Advanced",3,IF(F16="L2 - Proficient",2,IF(F16="L1 - Developing",1,""))) | J16: =IF(G16="L3 - Advanced",3,IF(G16="L2 - Proficient",2,IF(G16="L1 - Developing",1,""))) | M16: CRM | N16: =H16 | O16: =I16 | P16: =J16 | Q16: 2
B17: Stakeholder Management | C17: SE | D17: L2 | H17: =IF(E17="L3 - Advanced",3,IF(E17="L2 - Proficient",2,IF(E17="L1 - Developing",1,""))) | I17: =IF(F17="L3 - Advanced",3,IF(F17="L2 - Proficient",2,IF(F17="L1 - Developing",1,""))) | J17: =IF(G17="L3 - Advanced",3,IF(G17="L2 - Proficient",2,IF(G17="L1 - Developing",1,""))) | M17: Stakeholder | N17: =H17 | O17: =I17 | P17: =J17 | Q17: 2
B18: Influencing Skills | C18: SE | D18: L2 | H18: =IF(E18="L3 - Advanced",3,IF(E18="L2 - Proficient",2,IF(E18="L1 - Developing",1,""))) | I18: =IF(F18="L3 - Advanced",3,IF(F18="L2 - Proficient",2,IF(F18="L1 - Developing",1,""))) | J18: =IF(G18="L3 - Advanced",3,IF(G18="L2 - Proficient",2,IF(G18="L1 - Developing",1,""))) | M18: Influencing | N18: =H18 | O18: =I18 | P18: =J18 | Q18: 2
B19: Executive Presence | C19: C | D19: L2 | H19: =IF(E19="L3 - Advanced",3,IF(E19="L2 - Proficient",2,IF(E19="L1 - Developing",1,""))) | I19: =IF(F19="L3 - Advanced",3,IF(F19="L2 - Proficient",2,IF(F19="L1 - Developing",1,""))) | J19: =IF(G19="L3 - Advanced",3,IF(G19="L2 - Proficient",2,IF(G19="L1 - Developing",1,""))) | M19: Exec Presence | N19: =H19 | O19: =I19 | P19: =J19 | Q19: 2
B20: C-Level Engagement | C20: C | D20: L2 | H20: =IF(E20="L3 - Advanced",3,IF(E20="L2 - Proficient",2,IF(E20="L1 - Developing",1,""))) | I20: =IF(F20="L3 - Advanced",3,IF(F20="L2 - Proficient",2,IF(F20="L1 - Developing",1,""))) | J20: =IF(G20="L3 - Advanced",3,IF(G20="L2 - Proficient",2,IF(G20="L1 - Developing",1,""))) | M20: C-Level | N20: =H20 | O20: =I20 | P20: =J20 | Q20: 2
B21: Executive Sponsorship Mobilization | C21: C | D21: L2 | H21: =IF(E21="L3 - Advanced",3,IF(E21="L2 - Proficient",2,IF(E21="L1 - Developing",1,""))) | I21: =IF(F21="L3 - Advanced",3,IF(F21="L2 - Proficient",2,IF(F21="L1 - Developing",1,""))) | J21: =IF(G21="L3 - Advanced",3,IF(G21="L2 - Proficient",2,IF(G21="L1 - Developing",1,""))) | M21: Exec Sponsor | N21: =H21 | O21: =I21 | P21: =J21 | Q21: 2
B22: Product Knowledge | C22: SE | D22: L2 | H22: =IF(E22="L3 - Advanced",3,IF(E22="L2 - Proficient",2,IF(E22="L1 - Developing",1,""))) | I22: =IF(F22="L3 - Advanced",3,IF(F22="L2 - Proficient",2,IF(F22="L1 - Developing",1,""))) | J22: =IF(G22="L3 - Advanced",3,IF(G22="L2 - Proficient",2,IF(G22="L1 - Developing",1,""))) | M22: Product Know | N22: =H22 | O22: =I22 | P22: =J22 | Q22: 2
... B32: Software & Services Attach | C32: S | D32: L2 | H32: =IF(E32="L3 - Advanced",3,IF(E32="L2 - Proficient",2,IF(E32="L1 - Developing",1,""))) | I32: =IF(F32="L3 - Advanced",3,IF(F32="L2 - Proficient",2,IF(F32="L1 - Developing",1,""))) | J32: =IF(G32="L3 - Advanced",3,IF(G32="L2 - Proficient",2,IF(G32="L1 - Developing",1,""))) | M32: SW/Svc Attach | N32: =H32 | O32: =I32 | P32: =J32 | Q32: 2
B33: AVERAGE MATURITY SCORE | E33: =IFERROR(AVERAGE(H11:H32),"") | F33: =IFERROR(AVERAGE(I11:I32),"") | G33: =IFERROR(AVERAGE(J11:J32),"") | H33: =IFERROR(AVERAGE(H11:J32),"")

Sheet AM25
B2: SE | D2: Schneider Electric
D3: APEX ASSESSMENT · AM25
B5: Account Manager: Account Manager 25 · Account: Account 25 · Zone: Pacific · Track: Acquisition
B7: Account Manager | D7: Account Manager 25 | E7: Account Name | G7: Account 25 | H7: Zone | I7: Pacific | J7: Track | K7: Acquisition
B8: Self Assessment Date: | E8: Manager Assessment Date: | H8: APEX Panel Date:
E9: ◀ SELF ASSESSMENT ▶ | F9: ◀ MANAGER ASSESSMENT ▶ | G9: ◀ APEX PANEL ASSESSMENT ▶
B10: Capability | C10: Src | D10: Req Lv | E10: SELF (L1/L2/L3) | F10: MANAGER (L1/L2/L3) | G10: APEX PANEL (L1/L2/L3) | H10: Self # | I10: Mgr # | J10: APEX # | K10: Notes / Evidence & Behavioural Observations | M10: Capability | N10: Self | O10: Manager | P10: APEX | Q10: Target
B11: Account Management | C11: SE | D11: L3 | H11: =IF(E11="L3 - Advanced",3,IF(E11="L2 - Proficient",2,IF(E11="L1 - Developing",1,""))) | I11: =IF(F11="L3 - Advanced",3,IF(F11="L2 - Proficient",2,IF(F11="L1 - Developing",1,""))) | J11: =IF(G11="L3 - Advanced",3,IF(G11="L2 - Proficient",2,IF(G11="L1 - Developing",1,""))) | M11: Acct Mgmt | N11: =H11 | O11: =I11 | P11: =J11 | Q11: 2
B12: Strategic Account Ambition | C12: C | D12: L2 | H12: =IF(E12="L3 - Advanced",3,IF(E12="L2 - Proficient",2,IF(E12="L1 - Developing",1,""))) | I12: =IF(F12="L3 - Advanced",3,IF(F12="L2 - Proficient",2,IF(F12="L1 - Developing",1,""))) | J12: =IF(G12="L3 - Advanced",3,IF(G12="L2 - Proficient",2,IF(G12="L1 - Developing",1,""))) | M12: Strat Ambition | N12: =H12 | O12: =I12 | P12: =J12 | Q12: 2
B13: Consultative Selling | C13: SE | D13: L2 | H13: =IF(E13="L3 - Advanced",3,IF(E13="L2 - Proficient",2,IF(E13="L1 - Developing",1,""))) | I13: =IF(F13="L3 - Advanced",3,IF(F13="L2 - Proficient",2,IF(F13="L1 - Developing",1,""))) | J13: =IF(G13="L3 - Advanced",3,IF(G13="L2 - Proficient",2,IF(G13="L1 - Developing",1,""))) | M13: Consultative | N13: =H13 | O13: =I13 | P13: =J13 | Q13: 2
B14: Negotiation | C14: SE | D14: L2 | H14: =IF(E14="L3 - Advanced",3,IF(E14="L2 - Proficient",2,IF(E14="L1 - Developing",1,""))) | I14: =IF(F14="L3 - Advanced",3,IF(F14="L2 - Proficient",2,IF(F14="L1 - Developing",1,""))) | J14: =IF(G14="L3 - Advanced",3,IF(G14="L2 - Proficient",2,IF(G14="L1 - Developing",1,""))) | M14: Negotiation | N14: =H14 | O14: =I14 | P14: =J14 | Q14: 2
B15: Value Creation / Business Case | C15: C | D15: L2 | H15: =IF(E15="L3 - Advanced",3,IF(E15="L2 - Proficient",2,IF(E15="L1 - Developing",1,""))) | I15: =IF(F15="L3 - Advanced",3,IF(F15="L2 - Proficient",2,IF(F15="L1 - Developing",1,""))) | J15: =IF(G15="L3 - Advanced",3,IF(G15="L2 - Proficient",2,IF(G15="L1 - Developing",1,""))) | M15: Value/BizCase | N15: =H15 | O15: =I15 | P15: =J15 | Q15: 2
B16: Customer Relationship Management | C16: SE | D16: L2 | H16: =IF(E16="L3 - Advanced",3,IF(E16="L2 - Proficient",2,IF(E16="L1 - Developing",1,""))) | I16: =IF(F16="L3 - Advanced",3,IF(F16="L2 - Proficient",2,IF(F16="L1 - Developing",1,""))) | J16: =IF(G16="L3 - Advanced",3,IF(G16="L2 - Proficient",2,IF(G16="L1 - Developing",1,""))) | M16: CRM | N16: =H16 | O16: =I16 | P16: =J16 | Q16: 2
B17: Stakeholder Management | C17: SE | D17: L2 | H17: =IF(E17="L3 - Advanced",3,IF(E17="L2 - Proficient",2,IF(E17="L1 - Developing",1,""))) | I17: =IF(F17="L3 - Advanced",3,IF(F17="L2 - Proficient",2,IF(F17="L1 - Developing",1,""))) | J17: =IF(G17="L3 - Advanced",3,IF(G17="L2 - Proficient",2,IF(G17="L1 - Developing",1,""))) | M17: Stakeholder | N17: =H17 | O17: =I17 | P17: =J17 | Q17: 2
B18: Influencing Skills | C18: SE | D18: L2 | H18: =IF(E18="L3 - Advanced",3,IF(E18="L2 - Proficient",2,IF(E18="L1 - Developing",1,""))) | I18: =IF(F18="L3 - Advanced",3,IF(F18="L2 - Proficient",2,IF(F18="L1 - Developing",1,""))) | J18: =IF(G18="L3 - Advanced",3,IF(G18="L2 - Proficient",2,IF(G18="L1 - Developing",1,""))) | M18: Influencing | N18: =H18 | O18: =I18 | P18: =J18 | Q18: 2
B19: Executive Presence | C19: C | D19: L2 | H19: =IF(E19="L3 - Advanced",3,IF(E19="L2 - Proficient",2,IF(E19="L1 - Developing",1,""))) | I19: =IF(F19="L3 - Advanced",3,IF(F19="L2 - Proficient",2,IF(F19="L1 - Developing",1,""))) | J19: =IF(G19="L3 - Advanced",3,IF(G19="L2 - Proficient",2,IF(G19="L1 - Developing",1,""))) | M19: Exec Presence | N19: =H19 | O19: =I19 | P19: =J19 | Q19: 2
B20: C-Level Engagement | C20: C | D20: L2 | H20: =IF(E20="L3 - Advanced",3,IF(E20="L2 - Proficient",2,IF(E20="L1 - Developing",1,""))) | I20: =IF(F20="L3 - Advanced",3,IF(F20="L2 - Proficient",2,IF(F20="L1 - Developing",1,""))) | J20: =IF(G20="L3 - Advanced",3,IF(G20="L2 - Proficient",2,IF(G20="L1 - Developing",1,""))) | M20: C-Level | N20: =H20 | O20: =I20 | P20: =J20 | Q20: 2
B21: Executive Sponsorship Mobilization | C21: C | D21: L2 | H21: =IF(E21="L3 - Advanced",3,IF(E21="L2 - Proficient",2,IF(E21="L1 - Developing",1,""))) | I21: =IF(F21="L3 - Advanced",3,IF(F21="L2 - Proficient",2,IF(F21="L1 - Developing",1,""))) | J21: =IF(G21="L3 - Advanced",3,IF(G21="L2 - Proficient",2,IF(G21="L1 - Developing",1,""))) | M21: Exec Sponsor | N21: =H21 | O21: =I21 | P21: =J21 | Q21: 2
B22: Product Knowledge | C22: SE | D22: L2 | H22: =IF(E22="L3 - Advanced",3,IF(E22="L2 - Proficient",2,IF(E22="L1 - Developing",1,""))) | I22: =IF(F22="L3 - Advanced",3,IF(F22="L2 - Proficient",2,IF(F22="L1 - Developing",1,""))) | J22: =IF(G22="L3 - Advanced",3,IF(G22="L2 - Proficient",2,IF(G22="L1 - Developing",1,""))) | M22: Product Know | N22: =H22 | O22: =I22 | P22: =J22 | Q22: 2
... B32: Software & Services Attach | C32: S | D32: L2 | H32: =IF(E32="L3 - Advanced",3,IF(E32="L2 - Proficient",2,IF(E32="L1 - Developing",1,""))) | I32: =IF(F32="L3 - Advanced",3,IF(F32="L2 - Proficient",2,IF(F32="L1 - Developing",1,""))) | J32: =IF(G32="L3 - Advanced",3,IF(G32="L2 - Proficient",2,IF(G32="L1 - Developing",1,""))) | M32: SW/Svc Attach | N32: =H32 | O32: =I32 | P32: =J32 | Q32: 2
B33: AVERAGE MATURITY SCORE | E33: =IFERROR(AVERAGE(H11:H32),"") | F33: =IFERROR(AVERAGE(I11:I32),"") | G33: =IFERROR(AVERAGE(J11:J32),"") | H33: =IFERROR(AVERAGE(H11:J32),"")

Sheet ▶ Consolidation
B2: SE | D2: Schneider Electric
D3: CONSOLIDATION · All 25 Account Managers
B5: APEX Panel Scores — Live-linked from individual AM sheets · Colour-coded heatmap
B7: AM Name | C7: Account | D7: Zone | E7: Track | F7: Acct Mgmt | G7: Strat Ambition | H7: Consultative | I7: Negotiation | J7: Value/BizCase | K7: CRM | L7: Stakeholder | M7: Influencing | N7: Exec Presence | O7: C-Level | P7: Exec Sponsor | Q7: Product Know | R7: Industry Know | S7: One-SE Posit | T7: Tech Credibility | U7: Pipeline | V7: Competitive | W7: White-Space | X7: Preferred Partner | Y7: WoW Expansion | Z7: Retention | AA7: SW/Svc Attach | AB7: Self Avg | AC7: Mgr Avg | AD7: APEX Avg
B8: Account Manager 1 | C8: Account 1 | D8: MEA | E8: Acquisition | F8: =IFERROR('Employee 1'!J11,"") | G8: =IFERROR('Employee 1'!J12,"") | H8: =IFERROR('Employee 1'!J13,"") | I8: =IFERROR('Employee 1'!J14,"") | J8: =IFERROR('Employee 1'!J15,"") | K8: =IFERROR('Employee 1'!J16,"") | L8: =IFERROR('Employee 1'!J17,"") | M8: =IFERROR('Employee 1'!J18,"") | N8: =IFERROR('Employee 1'!J19,"") | O8: =IFERROR('Employee 1'!J20,"") | P8: =IFERROR('Employee 1'!J21,"") | Q8: =IFERROR('Employee 1'!J22,"") | R8: =IFERROR('Employee 1'!J23,"") | S8: =IFERROR('Employee 1'!J24,"") | T8: =IFERROR('Employee 1'!J25,"") | U8: =IFERROR('Employee 1'!J26,"") | V8: =IFERROR('Employee 1'!J27,"") | W8: =IFERROR('Employee 1'!J28,"") | X8: =IFERROR('Employee 1'!J29,"") | Y8: =IFERROR('Employee 1'!J30,"") | Z8: =IFERROR('Employee 1'!J31,"") | AA8: =IFERROR('Employee 1'!J32,"") | AB8: =IFERROR('Employee 1'!H33,"") | AC8: =IFERROR('Employee 1'!I33,"") -> 0 | AD8: =IFERROR('Employee 1'!J33,"") -> 0
B9: Account Manager 2 | C9: Account 2 | D9: MEA | E9: Saturation | F9: =IFERROR('Mohamed MARZOUK'!J11,"") | G9: =IFERROR('Mohamed MARZOUK'!J12,"") | H9: =IFERROR('Mohamed MARZOUK'!J13,"") | I9: =IFERROR('Mohamed MARZOUK'!J14,"") | J9: =IFERROR('Mohamed MARZOUK'!J15,"") | K9: =IFERROR('Mohamed MARZOUK'!J16,"") | L9: =IFERROR('Mohamed MARZOUK'!J17,"") | M9: =IFERROR('Mohamed MARZOUK'!J18,"") | N9: =IFERROR('Mohamed MARZOUK'!J19,"") | O9: =IFERROR('Mohamed MARZOUK'!J20,"") | P9: =IFERROR('Mohamed MARZOUK'!J21,"") | Q9: =IFERROR('Mohamed MARZOUK'!J22,"") | R9: =IFERROR('Mohamed MARZOUK'!J23,"") | S9: =IFERROR('Mohamed MARZOUK'!J24,"") | T9: =IFERROR('Mohamed MARZOUK'!J25,"") | U9: =IFERROR('Mohamed MARZOUK'!J26,"") | V9: =IFERROR('Mohamed MARZOUK'!J27,"") | W9: =IFERROR('Mohamed MARZOUK'!J28,"") | X9: =IFERROR('Mohamed MARZOUK'!J29,"") | Y9: =IFERROR('Mohamed MARZOUK'!J30,"") | Z9: =IFERROR('Mohamed MARZOUK'!J31,"") | AA9: =IFERROR('Mohamed MARZOUK'!J32,"") | AB9: =IFERROR('Mohamed MARZOUK'!H33,"") | AC9: =IFERROR('Mohamed MARZOUK'!I33,"") -> 0 | AD9: =IFERROR('Mohamed MARZOUK'!J33,"") -> 0
B10: Account Manager 3 | C10: Account 3 | D10: MEA | E10: Acquisition | F10: =IFERROR('Basim El-Subihy'!J11,"") | G10: =IFERROR('Basim El-Subihy'!J12,"") | H10: =IFERROR('Basim El-Subihy'!J13,"") | I10: =IFERROR('Basim El-Subihy'!J14,"") | J10: =IFERROR('Basim El-Subihy'!J15,"") | K10: =IFERROR('Basim El-Subihy'!J16,"") | L10: =IFERROR('Basim El-Subihy'!J17,"") | M10: =IFERROR('Basim El-Subihy'!J18,"") | N10: =IFERROR('Basim El-Subihy'!J19,"") | O10: =IFERROR('Basim El-Subihy'!J20,"") | P10: =IFERROR('Basim El-Subihy'!J21,"") | Q10: =IFERROR('Basim El-Subihy'!J22,"") | R10: =IFERROR('Basim El-Subihy'!J23,"") | S10: =IFERROR('Basim El-Subihy'!J24,"") | T10: =IFERROR('Basim El-Subihy'!J25,"") | U10: =IFERROR('Basim El-Subihy'!J26,"") | V10: =IFERROR('Basim El-Subihy'!J27,"") | W10: =IFERROR('Basim El-Subihy'!J28,"") | X10: =IFERROR('Basim El-Subihy'!J29,"") | Y10: =IFERROR('Basim El-Subihy'!J30,"") | Z10: =IFERROR('Basim El-Subihy'!J31,"") | AA10: =IFERROR('Basim El-Subihy'!J32,"") | AB10: =IFERROR('Basim El-Subihy'!H33,"") | AC10: =IFERROR('Basim El-Subihy'!I33,"") -> 0 | AD10: =IFERROR('Basim El-Subihy'!J33,"") -> 0
B11: Account Manager 4 | C11: Account 4 | D11: MEA | E11: Saturation | F11: =IFERROR('Biju Mathew'!J11,"") | G11: =IFERROR('Biju Mathew'!J12,"") | H11: =IFERROR('Biju Mathew'!J13,"") | I11: =IFERROR('Biju Mathew'!J14,"") | J11: =IFERROR('Biju Mathew'!J15,"") | K11: =IFERROR('Biju Mathew'!J16,"") | L11: =IFERROR('Biju Mathew'!J17,"") | M11: =IFERROR('Biju Mathew'!J18,"") | N11: =IFERROR('Biju Mathew'!J19,"") | O11: =IFERROR('Biju Mathew'!J20,"") | P11: =IFERROR('Biju Mathew'!J21,"") | Q11: =IFERROR('Biju Mathew'!J22,"") | R11: =IFERROR('Biju Mathew'!J23,"") | S11: =IFERROR('Biju Mathew'!J24,"") | T11: =IFERROR('Biju Mathew'!J25,"") | U11: =IFERROR('Biju Mathew'!J26,"") | V11: =IFERROR('Biju Mathew'!J27,"") | W11: =IFERROR('Biju Mathew'!J28,"") | X11: =IFERROR('Biju Mathew'!J29,"") | Y11: =IFERROR('Biju Mathew'!J30,"") | Z11: =IFERROR('Biju Mathew'!J31,"") | AA11: =IFERROR('Biju Mathew'!J32,"") | AB11: =IFERROR('Biju Mathew'!H33,"") | AC11: =IFERROR('Biju Mathew'!I33,"") -> 0 | AD11: =IFERROR('Biju Mathew'!J33,"") -> 0
B12: Account Manager 5 | C12: Account 5 | D12: MEA | E12: Acquisition | F12: =IFERROR('Oseid Mohamemed Faqih'!J11,"") | G12: =IFERROR('Oseid Mohamemed Faqih'!J12,"") | H12: =IFERROR('Oseid Mohamemed Faqih'!J13,"") | I12: =IFERROR('Oseid Mohamemed Faqih'!J14,"") | J12: =IFERROR('Oseid Mohamemed Faqih'!J15,"") | K12: =IFERROR('Oseid Mohamemed Faqih'!J16,"") | L12: =IFERROR('Oseid Mohamemed Faqih'!J17,"") | M12: =IFERROR('Oseid Mohamemed Faqih'!J18,"") | N12: =IFERROR('Oseid Mohamemed Faqih'!J19,"") | O12: =IFERROR('Oseid Mohamemed Faqih'!J20,"") | P12: =IFERROR('Oseid Mohamemed Faqih'!J21,"") | Q12: =IFERROR('Oseid Mohamemed Faqih'!J22,"") | R12: =IFERROR('Oseid Mohamemed Faqih'!J23,"") | S12: =IFERROR('Oseid Mohamemed Faqih'!J24,"") | T12: =IFERROR('Oseid Mohamemed Faqih'!J25,"") | U12: =IFERROR('Oseid Mohamemed Faqih'!J26,"") | V12: =IFERROR('Oseid Mohamemed Faqih'!J27,"") | W12: =IFERROR('Oseid Mohamemed Faqih'!J28,"") | X12: =IFERROR('Oseid Mohamemed Faqih'!J29,"") | Y12: =IFERROR('Oseid Mohamemed Faqih'!J30,"") | Z12: =IFERROR('Oseid Mohamemed Faqih'!J31,"") | AA12: =IFERROR('Oseid Mohamemed Faqih'!J32,"") | AB12: =IFERROR('Oseid Mohamemed Faqih'!H33,"") | AC12: =IFERROR('Oseid Mohamemed Faqih'!I33,"") -> 0 | AD12: =IFERROR('Oseid Mohamemed Faqih'!J33,"") -> 0
B13: Account Manager 6 | C13: Account 6 | D13: MEA | E13: Acquisition | F13: =IFERROR('Kamel Bedrane'!J11,"") | G13: =IFERROR('Kamel Bedrane'!J12,"") | H13: =IFERROR('Kamel Bedrane'!J13,"") | I13: =IFERROR('Kamel Bedrane'!J14,"") | J13: =IFERROR('Kamel Bedrane'!J15,"") | K13: =IFERROR('Kamel Bedrane'!J16,"") | L13: =IFERROR('Kamel Bedrane'!J17,"") | M13: =IFERROR('Kamel Bedrane'!J18,"") | N13: =IFERROR('Kamel Bedrane'!J19,"") | O13: =IFERROR('Kamel Bedrane'!J20,"") | P13: =IFERROR('Kamel Bedrane'!J21,"") | Q13: =IFERROR('Kamel Bedrane'!J22,"") | R13: =IFERROR('Kamel Bedrane'!J23,"") | S13: =IFERROR('Kamel Bedrane'!J24,"") | T13: =IFERROR('Kamel Bedrane'!J25,"") | U13: =IFERROR('Kamel Bedrane'!J26,"") | V13: =IFERROR('Kamel Bedrane'!J27,"") | W13: =IFERROR('Kamel Bedrane'!J28,"") | X13: =IFERROR('Kamel Bedrane'!J29,"") | Y13: =IFERROR('Kamel Bedrane'!J30,"") | Z13: =IFERROR('Kamel Bedrane'!J31,"") | AA13: =IFERROR('Kamel Bedrane'!J32,"") | AB13: =IFERROR('Kamel Bedrane'!H33,"") | AC13: =IFERROR('Kamel Bedrane'!I33,"") -> 0 | AD13: =IFERROR('Kamel Bedrane'!J33,"") -> 0
B14: Account Manager 7 | C14: Account 7 | D14: SAM | E14: Saturation | F14: =IFERROR('Moamen Mohamed Ahmed Ibrahim'!J11,"") | G14: =IFERROR('Moamen Mohamed Ahmed Ibrahim'!J12,"") | H14: =IFERROR('Moamen Mohamed Ahmed Ibrahim'!J13,"") | I14: =IFERROR('Moamen Mohamed Ahmed Ibrahim'!J14,"") | J14: =IFERROR('Moamen Mohamed Ahmed Ibrahim'!J15,"") | K14: =IFERROR('Moamen Mohamed Ahmed Ibrahim'!J16,"") | L14: =IFERROR('Moamen Mohamed Ahmed Ibrahim'!J17,"") | M14: =IFERROR('Moamen Mohamed Ahmed Ibrahim'!J18,"") | N14: =IFERROR('Moamen Mohamed Ahmed Ibrahim'!J19,"") | O14: =IFERROR('Moamen Mohamed Ahmed Ibrahim'!J20,"") | P14: =IFERROR('Moamen Mohamed Ahmed Ibrahim'!J21,"") | Q14: =IFERROR('Moamen Mohamed Ahmed Ibrahim'!J22,"") | R14: =IFERROR('Moamen Mohamed Ahmed Ibrahim'!J23,"") | S14: =IFERROR('Moamen Mohamed Ahmed Ibrahim'!J24,"") | T14: =IFERROR('Moamen Mohamed Ahmed Ibrahim'!J25,"") | U14: =IFERROR('Moamen Mohamed Ahmed Ibrahim'!J26,"") | V14: =IFERROR('Moamen Mohamed Ahmed Ibrahim'!J27,"") | W14: =IFERROR('Moamen Mohamed Ahmed Ibrahim'!J28,"") | X14: =IFERROR('Moamen Mohamed Ahmed Ibrahim'!J29,"") | Y14: =IFERROR('Moamen Mohamed Ahmed Ibrahim'!J30,"") | Z14: =IFERROR('Moamen Mohamed Ahmed Ibrahim'!J31,"") | AA14: =IFERROR('Moamen Mohamed Ahmed Ibrahim'!J32,"") | AB14: =IFERROR('Moamen Mohamed Ahmed Ibrahim'!H33,"") | AC14: =IFERROR('Moamen Mohamed Ahmed Ibrahim'!I33,"") -> 0 | AD14: =IFERROR('Moamen Mohamed Ahmed Ibrahim'!J33,"") -> 0
B15: Account Manager 8 | C15: Account 8 | D15: SAM | E15: Acquisition | F15: =IFERROR('Ahmed Abdel-Maugod'!J11,"") | G15: =IFERROR('Ahmed Abdel-Maugod'!J12,"") | H15: =IFERROR('Ahmed Abdel-Maugod'!J13,"") | I15: =IFERROR('Ahmed Abdel-Maugod'!J14,"") | J15: =IFERROR('Ahmed Abdel-Maugod'!J15,"") | K15: =IFERROR('Ahmed Abdel-Maugod'!J16,"") | L15: =IFERROR('Ahmed Abdel-Maugod'!J17,"") | M15: =IFERROR('Ahmed Abdel-Maugod'!J18,"") | N15: =IFERROR('Ahmed Abdel-Maugod'!J19,"") | O15: =IFERROR('Ahmed Abdel-Maugod'!J20,"") | P15: =IFERROR('Ahmed Abdel-Maugod'!J21,"") | Q15: =IFERROR('Ahmed Abdel-Maugod'!J22,"") | R15: =IFERROR('Ahmed Abdel-Maugod'!J23,"") | S15: =IFERROR('Ahmed Abdel-Maugod'!J24,"") | T15: =IFERROR('Ahmed Abdel-Maugod'!J25,"") | U15: =IFERROR('Ahmed Abdel-Maugod'!J26,"") | V15: =IFERROR('Ahmed Abdel-Maugod'!J27,"") | W15: =IFERROR('Ahmed Abdel-Maugod'!J28,"") | X15: =IFERROR('Ahmed Abdel-Maugod'!J29,"") | Y15: =IFERROR('Ahmed Abdel-Maugod'!J30,"") | Z15: =IFERROR('Ahmed Abdel-Maugod'!J31,"") | AA15: =IFERROR('Ahmed Abdel-Maugod'!J32,"") | AB15: =IFERROR('Ahmed Abdel-Maugod'!H33,"") | AC15: =IFERROR('Ahmed Abdel-Maugod'!I33,"") -> 0 | AD15: =IFERROR('Ahmed Abdel-Maugod'!J33,"") -> 0
B16: Account Manager 9 | C16: Account 9 | D16: SAM | E16: Saturation | F16: =IFERROR('Moteeb Albaqami'!J11,"") | G16: =IFERROR('Moteeb Albaqami'!J12,"") | H16: =IFERROR('Moteeb Albaqami'!J13,"") | I16: =IFERROR('Moteeb Albaqami'!J14,"") | J16: =IFERROR('Moteeb Albaqami'!J15,"") | K16: =IFERROR('Moteeb Albaqami'!J16,"") | L16: =IFERROR('Moteeb Albaqami'!J17,"") | M16: =IFERROR('Moteeb Albaqami'!J18,"") | N16: =IFERROR('Moteeb Albaqami'!J19,"") | O16: =IFERROR('Moteeb Albaqami'!J20,"") | P16: =IFERROR('Moteeb Albaqami'!J21,"") | Q16: =IFERROR('Moteeb Albaqami'!J22,"") | R16: =IFERROR('Moteeb Albaqami'!J23,"") | S16: =IFERROR('Moteeb Albaqami'!J24,"") | T16: =IFERROR('Moteeb Albaqami'!J25,"") | U16: =IFERROR('Moteeb Albaqami'!J26,"") | V16: =IFERROR('Moteeb Albaqami'!J27,"") | W16: =IFERROR('Moteeb Albaqami'!J28,"") | X16: =IFERROR('Moteeb Albaqami'!J29,"") | Y16: =IFERROR('Moteeb Albaqami'!J30,"") | Z16: =IFERROR('Moteeb Albaqami'!J31,"") | AA16: =IFERROR('Moteeb Albaqami'!J32,"") | AB16: =IFERROR('Moteeb Albaqami'!H33,"") | AC16: =IFERROR('Moteeb Albaqami'!I33,"") -> 0 | AD16: =IFERROR('Moteeb Albaqami'!J33,"") -> 0
B17: Account Manager 10 | C17: Account 10 | D17: SAM | E17: Saturation | F17: =IFERROR('Anny Rodrigues de Assis '!J11,"") | G17: =IFERROR('Anny Rodrigues de Assis '!J12,"") | H17: =IFERROR('Anny Rodrigues de Assis '!J13,"") | I17: =IFERROR('Anny Rodrigues de Assis '!J14,"") | J17: =IFERROR('Anny Rodrigues de Assis '!J15,"") | K17: =IFERROR('Anny Rodrigues de Assis '!J16,"") | L17: =IFERROR('Anny Rodrigues de Assis '!J17,"") | M17: =IFERROR('Anny Rodrigues de Assis '!J18,"") | N17: =IFERROR('Anny Rodrigues de Assis '!J19,"") | O17: =IFERROR('Anny Rodrigues de Assis '!J20,"") | P17: =IFERROR('Anny Rodrigues de Assis '!J21,"") | Q17: =IFERROR('Anny Rodrigues de Assis '!J22,"") | R17: =IFERROR('Anny Rodrigues de Assis '!J23,"") | S17: =IFERROR('Anny Rodrigues de Assis '!J24,"") | T17: =IFERROR('Anny Rodrigues de Assis '!J25,"") | U17: =IFERROR('Anny Rodrigues de Assis '!J26,"") | V17: =IFERROR('Anny Rodrigues de Assis '!J27,"") | W17: =IFERROR('Anny Rodrigues de Assis '!J28,"") | X17: =IFERROR('Anny Rodrigues de Assis '!J29,"") | Y17: =IFERROR('Anny Rodrigues de Assis '!J30,"") | Z17: =IFERROR('Anny Rodrigues de Assis '!J31,"") | AA17: =IFERROR('Anny Rodrigues de Assis '!J32,"") | AB17: =IFERROR('Anny Rodrigues de Assis '!H33,"") | AC17: =IFERROR('Anny Rodrigues de Assis '!I33,"") -> 0 | AD17: =IFERROR('Anny Rodrigues de Assis '!J33,"") -> 0
B18: Account Manager 11 | C18: Account 11 | D18: SAM | E18: Acquisition | F18: =IFERROR('Eduardo Salles de Carvalho'!J11,"") | G18: =IFERROR('Eduardo Salles de Carvalho'!J12,"") | H18: =IFERROR('Eduardo Salles de Carvalho'!J13,"") | I18: =IFERROR('Eduardo Salles de Carvalho'!J14,"") | J18: =IFERROR('Eduardo Salles de Carvalho'!J15,"") | K18: =IFERROR('Eduardo Salles de Carvalho'!J16,"") | L18: =IFERROR('Eduardo Salles de Carvalho'!J17,"") | M18: =IFERROR('Eduardo Salles de Carvalho'!J18,"") | N18: =IFERROR('Eduardo Salles de Carvalho'!J19,"") | O18: =IFERROR('Eduardo Salles de Carvalho'!J20,"") | P18: =IFERROR('Eduardo Salles de Carvalho'!J21,"") | Q18: =IFERROR('Eduardo Salles de Carvalho'!J22,"") | R18: =IFERROR('Eduardo Salles de Carvalho'!J23,"") | S18: =IFERROR('Eduardo Salles de Carvalho'!J24,"") | T18: =IFERROR('Eduardo Salles de Carvalho'!J25,"") | U18: =IFERROR('Eduardo Salles de Carvalho'!J26,"") | V18: =IFERROR('Eduardo Salles de Carvalho'!J27,"") | W18: =IFERROR('Eduardo Salles de Carvalho'!J28,"") | X18: =IFERROR('Eduardo Salles de Carvalho'!J29,"") | Y18: =IFERROR('Eduardo Salles de Carvalho'!J30,"") | Z18: =IFERROR('Eduardo Salles de Carvalho'!J31,"") | AA18: =IFERROR('Eduardo Salles de Carvalho'!J32,"") | AB18: =IFERROR('Eduardo Salles de Carvalho'!H33,"") | AC18: =IFERROR('Eduardo Salles de Carvalho'!I33,"") -> 0 | AD18: =IFERROR('Eduardo Salles de Carvalho'!J33,"") -> 0
B19: Account Manager 12 | C19: Account 12 | D19: SAM | E19: Acquisition | F19: =IFERROR('Marco Antonio Martins'!J11,"") | G19: =IFERROR('Marco Antonio Martins'!J12,"") | H19: =IFERROR('Marco Antonio Martins'!J13,"") | I19: =IFERROR('Marco Antonio Martins'!J14,"") | J19: =IFERROR('Marco Antonio Martins'!J15,"") | K19: =IFERROR('Marco Antonio Martins'!J16,"") | L19: =IFERROR('Marco Antonio Martins'!J17,"") | M19: =IFERROR('Marco Antonio Martins'!J18,"") | N19: =IFERROR('Marco Antonio Martins'!J19,"") | O19: =IFERROR('Marco Antonio Martins'!J20,"") | P19: =IFERROR('Marco Antonio Martins'!J21,"") | Q19: =IFERROR('Marco Antonio Martins'!J22,"") | R19: =IFERROR('Marco Antonio Martins'!J23,"") | S19: =IFERROR('Marco Antonio Martins'!J24,"") | T19: =IFERROR('Marco Antonio Martins'!J25,"") | U19: =IFERROR('Marco Antonio Martins'!J26,"") | V19: =IFERROR('Marco Antonio Martins'!J27,"") | W19: =IFERROR('Marco Antonio Martins'!J28,"") | X19: =IFERROR('Marco Antonio Martins'!J29,"") | Y19: =IFERROR('Marco Antonio Martins'!J30,"") | Z19: =IFERROR('Marco Antonio Martins'!J31,"") | AA19: =IFERROR('Marco Antonio Martins'!J32,"") | AB19: =IFERROR('Marco Antonio Martins'!H33,"") | AC19: =IFERROR('Marco Antonio Martins'!I33,"") -> 0 | AD19: =IFERROR('Marco Antonio Martins'!J33,"") -> 0
B20: Account Manager 13 | C20: Account 13 | D20: India | E20: Saturation | F20: =IFERROR('AM13'!J11,"") | G20: =IFERROR('AM13'!J12,"") | H20: =IFERROR('AM13'!J13,"") | I20: =IFERROR('AM13'!J14,"") | J20: =IFERROR('AM13'!J15,"") | K20: =IFERROR('AM13'!J16,"") | L20: =IFERROR('AM13'!J17,"") | M20: =IFERROR('AM13'!J18,"") | N20: =IFERROR('AM13'!J19,"") | O20: =IFERROR('AM13'!J20,"") | P20: =IFERROR('AM13'!J21,"") | Q20: =IFERROR('AM13'!J22,"") | R20: =IFERROR('AM13'!J23,"") | S20: =IFERROR('AM13'!J24,"") | T20: =IFERROR('AM13'!J25,"") | U20: =IFERROR('AM13'!J26,"") | V20: =IFERROR('AM13'!J27,"") | W20: =IFERROR('AM13'!J28,"") | X20: =IFERROR('AM13'!J29,"") | Y20: =IFERROR('AM13'!J30,"") | Z20: =IFERROR('AM13'!J31,"") | AA20: =IFERROR('AM13'!J32,"") | AB20: =IFERROR('AM13'!H33,"") | AC20: =IFERROR('AM13'!I33,"") -> 0 | AD20: =IFERROR('AM13'!J33,"") -> 0
B21: Account Manager 14 | C21: Account 14 | D21: India | E21: Acquisition | F21: =IFERROR('AM14'!J11,"") | G21: =IFERROR('AM14'!J12,"") | H21: =IFERROR('AM14'!J13,"") | I21: =IFERROR('AM14'!J14,"") | J21: =IFERROR('AM14'!J15,"") | K21: =IFERROR('AM14'!J16,"") | L21: =IFERROR('AM14'!J17,"") | M21: =IFERROR('AM14'!J18,"") | N21: =IFERROR('AM14'!J19,"") | O21: =IFERROR('AM14'!J20,"") | P21: =IFERROR('AM14'!J21,"") | Q21: =IFERROR('AM14'!J22,"") | R21: =IFERROR('AM14'!J23,"") | S21: =IFERROR('AM14'!J24,"") | T21: =IFERROR('AM14'!J25,"") | U21: =IFERROR('AM14'!J26,"") | V21: =IFERROR('AM14'!J27,"") | W21: =IFERROR('AM14'!J28,"") | X21: =IFERROR('AM14'!J29,"") | Y21: =IFERROR('AM14'!J30,"") | Z21: =IFERROR('AM14'!J31,"") | AA21: =IFERROR('AM14'!J32,"") | AB21: =IFERROR('AM14'!H33,"") | AC21: =IFERROR('AM14'!I33,"") -> 0 | AD21: =IFERROR('AM14'!J33,"") -> 0
B22: Account Manager 15 | C22: Account 15 | D22: India | E22: Saturation | F22: =IFERROR('AM15'!J11,"") | G22: =IFERROR('AM15'!J12,"") | H22: =IFERROR('AM15'!J13,"") | I22: =IFERROR('AM15'!J14,"") | J22: =IFERROR('AM15'!J15,"") | K22: =IFERROR('AM15'!J16,"") | L22: =IFERROR('AM15'!J17,"") | M22: =IFERROR('AM15'!J18,"") | N22: =IFERROR('AM15'!J19,"") | O22: =IFERROR('AM15'!J20,"") | P22: =IFERROR('AM15'!J21,"") | Q22: =IFERROR('AM15'!J22,"") | R22: =IFERROR('AM15'!J23,"") | S22: =IFERROR('AM15'!J24,"") | T22: =IFERROR('AM15'!J25,"") | U22: =IFERROR('AM15'!J26,"") | V22: =IFERROR('AM15'!J27,"") | W22: =IFERROR('AM15'!J28,"") | X22: =IFERROR('AM15'!J29,"") | Y22: =IFERROR('AM15'!J30,"") | Z22: =IFERROR('AM15'!J31,"") | AA22: =IFERROR('AM15'!J32,"") | AB22: =IFERROR('AM15'!H33,"") | AC22: =IFERROR('AM15'!I33,"") -> 0 | AD22: =IFERROR('AM15'!J33,"") -> 0
B23: Account Manager 16 | C23: Account 16 | D23: India | E23: Saturation | F23: =IFERROR('AM16'!J11,"") | G23: =IFERROR('AM16'!J12,"") | H23: =IFERROR('AM16'!J13,"") | I23: =IFERROR('AM16'!J14,"") | J23: =IFERROR('AM16'!J15,"") | K23: =IFERROR('AM16'!J16,"") | L23: =IFERROR('AM16'!J17,"") | M23: =IFERROR('AM16'!J18,"") | N23: =IFERROR('AM16'!J19,"") | O23: =IFERROR('AM16'!J20,"") | P23: =IFERROR('AM16'!J21,"") | Q23: =IFERROR('AM16'!J22,"") | R23: =IFERROR('AM16'!J23,"") | S23: =IFERROR('AM16'!J24,"") | T23: =IFERROR('AM16'!J25,"") | U23: =IFERROR('AM16'!J26,"") | V23: =IFERROR('AM16'!J27,"") | W23: =IFERROR('AM16'!J28,"") | X23: =IFERROR('AM16'!J29,"") | Y23: =IFERROR('AM16'!J30,"") | Z23: =IFERROR('AM16'!J31,"") | AA23: =IFERROR('AM16'!J32,"") | AB23: =IFERROR('AM16'!H33,"") | AC23: =IFERROR('AM16'!I33,"") -> 0 | AD23: =IFERROR('AM16'!J33,"") -> 0
B24: Account Manager 17 | C24: Account 17 | D24: India | E24: Acquisition | F24: =IFERROR('AM17'!J11,"") | G24: =IFERROR('AM17'!J12,"") | H24: =IFERROR('AM17'!J13,"") | I24: =IFERROR('AM17'!J14,"") | J24: =IFERROR('AM17'!J15,"") | K24: =IFERROR('AM17'!J16,"") | L24: =IFERROR('AM17'!J17,"") | M24: =IFERROR('AM17'!J18,"") | N24: =IFERROR('AM17'!J19,"") | O24: =IFERROR('AM17'!J20,"") | P24: =IFERROR('AM17'!J21,"") | Q24: =IFERROR('AM17'!J22,"") | R24: =IFERROR('AM17'!J23,"") | S24: =IFERROR('AM17'!J24,"") | T24: =IFERROR('AM17'!J25,"") | U24: =IFERROR('AM17'!J26,"") | V24: =IFERROR('AM17'!J27,"") | W24: =IFERROR('AM17'!J28,"") | X24: =IFERROR('AM17'!J29,"") | Y24: =IFERROR('AM17'!J30,"") | Z24: =IFERROR('AM17'!J31,"") | AA24: =IFERROR('AM17'!J32,"") | AB24: =IFERROR('AM17'!H33,"") | AC24: =IFERROR('AM17'!I33,"") -> 0 | AD24: =IFERROR('AM17'!J33,"") -> 0
B25: Account Manager 18 | C25: Account 18 | D25: India | E25: Acquisition | F25: =IFERROR('AM18'!J11,"") | G25: =IFERROR('AM18'!J12,"") | H25: =IFERROR('AM18'!J13,"") | I25: =IFERROR('AM18'!J14,"") | J25: =IFERROR('AM18'!J15,"") | K25: =IFERROR('AM18'!J16,"") | L25: =IFERROR('AM18'!J17,"") | M25: =IFERROR('AM18'!J18,"") | N25: =IFERROR('AM18'!J19,"") | O25: =IFERROR('AM18'!J20,"") | P25: =IFERROR('AM18'!J21,"") | Q25: =IFERROR('AM18'!J22,"") | R25: =IFERROR('AM18'!J23,"") | S25: =IFERROR('AM18'!J24,"") | T25: =IFERROR('AM18'!J25,"") | U25: =IFERROR('AM18'!J26,"") | V25: =IFERROR('AM18'!J27,"") | W25: =IFERROR('AM18'!J28,"") | X25: =IFERROR('AM18'!J29,"") | Y25: =IFERROR('AM18'!J30,"") | Z25: =IFERROR('AM18'!J31,"") | AA25: =IFERROR('AM18'!J32,"") | AB25: =IFERROR('AM18'!H33,"") | AC25: =IFERROR('AM18'!I33,"") -> 0 | AD25: =IFERROR('AM18'!J33,"") -> 0
B26: Account Manager 19 | C26: Account 19 | D26: Pacific | E26: Acquisition | F26: =IFERROR('Brian Casserly'!J11,"") | G26: =IFERROR('Brian Casserly'!J12,"") | H26: =IFERROR('Brian Casserly'!J13,"") | I26: =IFERROR('Brian Casserly'!J14,"") | J26: =IFERROR('Brian Casserly'!J15,"") | K26: =IFERROR('Brian Casserly'!J16,"") | L26: =IFERROR('Brian Casserly'!J17,"") | M26: =IFERROR('Brian Casserly'!J18,"") | N26: =IFERROR('Brian Casserly'!J19,"") | O26: =IFERROR('Brian Casserly'!J20,"") | P26: =IFERROR('Brian Casserly'!J21,"") | Q26: =IFERROR('Brian Casserly'!J22,"") | R26: =IFERROR('Brian Casserly'!J23,"") | S26: =IFERROR('Brian Casserly'!J24,"") | T26: =IFERROR('Brian Casserly'!J25,"") | U26: =IFERROR('Brian Casserly'!J26,"") | V26: =IFERROR('Brian Casserly'!J27,"") | W26: =IFERROR('Brian Casserly'!J28,"") | X26: =IFERROR('Brian Casserly'!J29,"") | Y26: =IFERROR('Brian Casserly'!J30,"") | Z26: =IFERROR('Brian Casserly'!J31,"") | AA26: =IFERROR('Brian Casserly'!J32,"") | AB26: =IFERROR('Brian Casserly'!H33,"") | AC26: =IFERROR('Brian Casserly'!I33,"") -> 0 | AD26: =IFERROR('Brian Casserly'!J33,"") -> 0
B27: Account Manager 20 | C27: Account 20 | D27: Pacific | E27: Saturation | F27: =IFERROR('Vishal Nayak'!J11,"") | G27: =IFERROR('Vishal Nayak'!J12,"") | H27: =IFERROR('Vishal Nayak'!J13,"") | I27: =IFERROR('Vishal Nayak'!J14,"") | J27: =IFERROR('Vishal Nayak'!J15,"") | K27: =IFERROR('Vishal Nayak'!J16,"") | L27: =IFERROR('Vishal Nayak'!J17,"") | M27: =IFERROR('Vishal Nayak'!J18,"") | N27: =IFERROR('Vishal Nayak'!J19,"") | O27: =IFERROR('Vishal Nayak'!J20,"") | P27: =IFERROR('Vishal Nayak'!J21,"") | Q27: =IFERROR('Vishal Nayak'!J22,"") | R27: =IFERROR('Vishal Nayak'!J23,"") | S27: =IFERROR('Vishal Nayak'!J24,"") | T27: =IFERROR('Vishal Nayak'!J25,"") | U27: =IFERROR('Vishal Nayak'!J26,"") | V27: =IFERROR('Vishal Nayak'!J27,"") | W27: =IFERROR('Vishal Nayak'!J28,"") | X27: =IFERROR('Vishal Nayak'!J29,"") | Y27: =IFERROR('Vishal Nayak'!J30,"") | Z27: =IFERROR('Vishal Nayak'!J31,"") | AA27: =IFERROR('Vishal Nayak'!J32,"") | AB27: =IFERROR('Vishal Nayak'!H33,"") | AC27: =IFERROR('Vishal Nayak'!I33,"") -> 0 | AD27: =IFERROR('Vishal Nayak'!J33,"") -> 0
B28: Account Manager 21 | C28: Account 21 | D28: Pacific | E28: Saturation | F28: =IFERROR('Franky Chan'!J11,"") | G28: =IFERROR('Franky Chan'!J12,"") | H28: =IFERROR('Franky Chan'!J13,"") | I28: =IFERROR('Franky Chan'!J14,"") | J28: =IFERROR('Franky Chan'!J15,"") | K28: =IFERROR('Franky Chan'!J16,"") | L28: =IFERROR('Franky Chan'!J17,"") | M28: =IFERROR('Franky Chan'!J18,"") | N28: =IFERROR('Franky Chan'!J19,"") | O28: =IFERROR('Franky Chan'!J20,"") | P28: =IFERROR('Franky Chan'!J21,"") | Q28: =IFERROR('Franky Chan'!J22,"") | R28: =IFERROR('Franky Chan'!J23,"") | S28: =IFERROR('Franky Chan'!J24,"") | T28: =IFERROR('Franky Chan'!J25,"") | U28: =IFERROR('Franky Chan'!J26,"") | V28: =IFERROR('Franky Chan'!J27,"") | W28: =IFERROR('Franky Chan'!J28,"") | X28: =IFERROR('Franky Chan'!J29,"") | Y28: =IFERROR('Franky Chan'!J30,"") | Z28: =IFERROR('Franky Chan'!J31,"") | AA28: =IFERROR('Franky Chan'!J32,"") | AB28: =IFERROR('Franky Chan'!H33,"") | AC28: =IFERROR('Franky Chan'!I33,"") -> 0 | AD28: =IFERROR('Franky Chan'!J33,"") -> 0
B29: Account Manager 22 | C29: Account 22 | D29: Pacific | E29: Acquisition | F29: =IFERROR('AM22'!J11,"") | G29: =IFERROR('AM22'!J12,"") | H29: =IFERROR('AM22'!J13,"") | I29: =IFERROR('AM22'!J14,"") | J29: =IFERROR('AM22'!J15,"") | K29: =IFERROR('AM22'!J16,"") | L29: =IFERROR('AM22'!J17,"") | M29: =IFERROR('AM22'!J18,"") | N29: =IFERROR('AM22'!J19,"") | O29: =IFERROR('AM22'!J20,"") | P29: =IFERROR('AM22'!J21,"") | Q29: =IFERROR('AM22'!J22,"") | R29: =IFERROR('AM22'!J23,"") | S29: =IFERROR('AM22'!J24,"") | T29: =IFERROR('AM22'!J25,"") | U29: =IFERROR('AM22'!J26,"") | V29: =IFERROR('AM22'!J27,"") | W29: =IFERROR('AM22'!J28,"") | X29: =IFERROR('AM22'!J29,"") | Y29: =IFERROR('AM22'!J30,"") | Z29: =IFERROR('AM22'!J31,"") | AA29: =IFERROR('AM22'!J32,"") | AB29: =IFERROR('AM22'!H33,"") | AC29: =IFERROR('AM22'!I33,"") -> 0 | AD29: =IFERROR('AM22'!J33,"") -> 0
B30: Account Manager 23 | C30: Account 23 | D30: Pacific | E30: Saturation | F30: =IFERROR('AM23'!J11,"") | G30: =IFERROR('AM23'!J12,"") | H30: =IFERROR('AM23'!J13,"") | I30: =IFERROR('AM23'!J14,"") | J30: =IFERROR('AM23'!J15,"") | K30: =IFERROR('AM23'!J16,"") | L30: =IFERROR('AM23'!J17,"") | M30: =IFERROR('AM23'!J18,"") | N30: =IFERROR('AM23'!J19,"") | O30: =IFERROR('AM23'!J20,"") | P30: =IFERROR('AM23'!J21,"") | Q30: =IFERROR('AM23'!J22,"") | R30: =IFERROR('AM23'!J23,"") | S30: =IFERROR('AM23'!J24,"") | T30: =IFERROR('AM23'!J25,"") | U30: =IFERROR('AM23'!J26,"") | V30: =IFERROR('AM23'!J27,"") | W30: =IFERROR('AM23'!J28,"") | X30: =IFERROR('AM23'!J29,"") | Y30: =IFERROR('AM23'!J30,"") | Z30: =IFERROR('AM23'!J31,"") | AA30: =IFERROR('AM23'!J32,"") | AB30: =IFERROR('AM23'!H33,"") | AC30: =IFERROR('AM23'!I33,"") -> 0 | AD30: =IFERROR('AM23'!J33,"") -> 0
B31: Account Manager 24 | C31: Account 24 | D31: Pacific | E31: Acquisition | F31: =IFERROR('AM24'!J11,"") | G31: =IFERROR('AM24'!J12,"") | H31: =IFERROR('AM24'!J13,"") | I31: =IFERROR('AM24'!J14,"") | J31: =IFERROR('AM24'!J15,"") | K31: =IFERROR('AM24'!J16,"") | L31: =IFERROR('AM24'!J17,"") | M31: =IFERROR('AM24'!J18,"") | N31: =IFERROR('AM24'!J19,"") | O31: =IFERROR('AM24'!J20,"") | P31: =IFERROR('AM24'!J21,"") | Q31: =IFERROR('AM24'!J22,"") | R31: =IFERROR('AM24'!J23,"") | S31: =IFERROR('AM24'!J24,"") | T31: =IFERROR('AM24'!J25,"") | U31: =IFERROR('AM24'!J26,"") | V31: =IFERROR('AM24'!J27,"") | W31: =IFERROR('AM24'!J28,"") | X31: =IFERROR('AM24'!J29,"") | Y31: =IFERROR('AM24'!J30,"") | Z31: =IFERROR('AM24'!J31,"") | AA31: =IFERROR('AM24'!J32,"") | AB31: =IFERROR('AM24'!H33,"") | AC31: =IFERROR('AM24'!I33,"") -> 0 | AD31: =IFERROR('AM24'!J33,"") -> 0
B32: Account Manager 25 | C32: Account 25 | D32: Pacific | E32: Acquisition | F32: =IFERROR('AM25'!J11,"") | G32: =IFERROR('AM25'!J12,"") | H32: =IFERROR('AM25'!J13,"") | I32: =IFERROR('AM25'!J14,"") | J32: =IFERROR('AM25'!J15,"") | K32: =IFERROR('AM25'!J16,"") | L32: =IFERROR('AM25'!J17,"") | M32: =IFERROR('AM25'!J18,"") | N32: =IFERROR('AM25'!J19,"") | O32: =IFERROR('AM25'!J20,"") | P32: =IFERROR('AM25'!J21,"") | Q32: =IFERROR('AM25'!J22,"") | R32: =IFERROR('AM25'!J23,"") | S32: =IFERROR('AM25'!J24,"") | T32: =IFERROR('AM25'!J25,"") | U32: =IFERROR('AM25'!J26,"") | V32: =IFERROR('AM25'!J27,"") | W32: =IFERROR('AM25'!J28,"") | X32: =IFERROR('AM25'!J29,"") | Y32: =IFERROR('AM25'!J30,"") | Z32: =IFERROR('AM25'!J31,"") | AA32: =IFERROR('AM25'!J32,"") | AB32: =IFERROR('AM25'!H33,"") | AC32: =IFERROR('AM25'!I33,"") -> 0 | AD32: =IFERROR('AM25'!J33,"") -> 0
B34: MEA ZONE AVERAGE | F34: =IFERROR(AVERAGE(F8,F9,F10,F11,F12,F13),"") | G34: =IFERROR(AVERAGE(G8,G9,G10,G11,G12,G13),"") | H34: =IFERROR(AVERAGE(H8,H9,H10,H11,H12,H13),"") | I34: =IFERROR(AVERAGE(I8,I9,I10,I11,I12,I13),"") | J34: =IFERROR(AVERAGE(J8,J9,J10,J11,J12,J13),"") | K34: =IFERROR(AVERAGE(K8,K9,K10,K11,K12,K13),"") | L34: =IFERROR(AVERAGE(L8,L9,L10,L11,L12,L13),"") | M34: =IFERROR(AVERAGE(M8,M9,M10,M11,M12,M13),"") | ... AA34: =IFERROR(AVERAGE(AA8,AA9,AA10,AA11,AA12,AA13),"")
B35: SAM ZONE AVERAGE | F35: =IFERROR(AVERAGE(F14,F15,F16,F17,F18,F19),"") | G35: =IFERROR(AVERAGE(G14,G15,G16,G17,G18,G19),"") | H35: =IFERROR(AVERAGE(H14,H15,H16,H17,H18,H19),"") | I35: =IFERROR(AVERAGE(I14,I15,I16,I17,I18,I19),"") | J35: =IFERROR(AVERAGE(J14,J15,J16,J17,J18,J19),"") | K35: =IFERROR(AVERAGE(K14,K15,K16,K17,K18,K19),"") | L35: =IFERROR(AVERAGE(L14,L15,L16,L17,L18,L19),"") | M35: =IFERROR(AVERAGE(M14,M15,M16,M17,M18,M19),"") | ... AA35: =IFERROR(AVERAGE(AA14,AA15,AA16,AA17,AA18,AA19),"")
B36: India ZONE AVERAGE | F36: =IFERROR(AVERAGE(F20,F21,F22,F23,F24,F25),"") | G36: =IFERROR(AVERAGE(G20,G21,G22,G23,G24,G25),"") | H36: =IFERROR(AVERAGE(H20,H21,H22,H23,H24,H25),"") | I36: =IFERROR(AVERAGE(I20,I21,I22,I23,I24,I25),"") | J36: =IFERROR(AVERAGE(J20,J21,J22,J23,J24,J25),"") | K36: =IFERROR(AVERAGE(K20,K21,K22,K23,K24,K25),"") | L36: =IFERROR(AVERAGE(L20,L21,L22,L23,L24,L25),"") | M36: =IFERROR(AVERAGE(M20,M21,M22,M23,M24,M25),"") | ... AA36: =IFERROR(AVERAGE(AA20,AA21,AA22,AA23,AA24,AA25),"")
B37: Pacific ZONE AVERAGE | F37: =IFERROR(AVERAGE(F26,F27,F28,F29,F30,F31,F32),"") | G37: =IFERROR(AVERAGE(G26,G27,G28,G29,G30,G31,G32),"") | H37: =IFERROR(AVERAGE(H26,H27,H28,H29,H30,H31,H32),"") | I37: =IFERROR(AVERAGE(I26,I27,I28,I29,I30,I31,I32),"") | J37: =IFERROR(AVERAGE(J26,J27,J28,J29,J30,J31,J32),"") | K37: =IFERROR(AVERAGE(K26,K27,K28,K29,K30,K31,K32),"") | L37: =IFERROR(AVERAGE(L26,L27,L28,L29,L30,L31,L32),"") | M37: =IFERROR(AVERAGE(M26,M27,M28,M29,M30,M31,M32),"") | ... AA37: =IFERROR(AVERAGE(AA26,AA27,AA28,AA29,AA30,AA31,AA32),"")

Sheet ▶ Zone MEA
B2: SE | D2: Schneider Electric
D3: ZONE BENCHMARK · MEA
B5: APEX Panel Scores — 6 Account Managers in Zone MEA · Radar comparison
B7: Capability | C7: Src | D7: Req | E7: AM01 Account Manage Account 1 | F7: AM02 Account Manage Account 2 | G7: AM03 Account Manage Account 3 | H7: AM04 Account Manage Account 4 | I7: AM05 Account Manage Account 5 | J7: AM06 Account Manage Account 6 | K7: Zone Avg | M7: Capability | N7: Zone Avg | O7: Target
B8: Account Management | C8: SE | D8: L3 | E8: =IFERROR('Employee 1'!J11,"") | F8: =IFERROR('Mohamed MARZOUK'!J11,"") | G8: =IFERROR('Basim El-Subihy'!J11,"") | H8: =IFERROR('Biju Mathew'!J11,"") | I8: =IFERROR('Oseid Mohamemed Faqih'!J11,"") | J8: =IFERROR('Kamel Bedrane'!J11,"") | K8: =IFERROR(AVERAGE(E8,F8,G8,H8,I8,J8),"") | M8: Acct Mgmt | N8: =K8 | O8: 2
B9: Strategic Account Ambition | C9: C | D9: L2 | E9: =IFERROR('Employee 1'!J12,"") | F9: =IFERROR('Mohamed MARZOUK'!J12,"") | G9: =IFERROR('Basim El-Subihy'!J12,"") | H9: =IFERROR('Biju Mathew'!J12,"") | I9: =IFERROR('Oseid Mohamemed Faqih'!J12,"") | J9: =IFERROR('Kamel Bedrane'!J12,"") | K9: =IFERROR(AVERAGE(E9,F9,G9,H9,I9,J9),"") | M9: Strat Ambition | N9: =K9 | O9: 2
B10: Consultative Selling | C10: SE | D10: L2 | E10: =IFERROR('Employee 1'!J13,"") | F10: =IFERROR('Mohamed MARZOUK'!J13,"") | G10: =IFERROR('Basim El-Subihy'!J13,"") | H10: =IFERROR('Biju Mathew'!J13,"") | I10: =IFERROR('Oseid Mohamemed Faqih'!J13,"") | J10: =IFERROR('Kamel Bedrane'!J13,"") | K10: =IFERROR(AVERAGE(E10,F10,G10,H10,I10,J10),"") | M10: Consultative | N10: =K10 | O10: 2
B11: Negotiation | C11: SE | D11: L2 | E11: =IFERROR('Employee 1'!J14,"") | F11: =IFERROR('Mohamed MARZOUK'!J14,"") | G11: =IFERROR('Basim El-Subihy'!J14,"") | H11: =IFERROR('Biju Mathew'!J14,"") | I11: =IFERROR('Oseid Mohamemed Faqih'!J14,"") | J11: =IFERROR('Kamel Bedrane'!J14,"") | K11: =IFERROR(AVERAGE(E11,F11,G11,H11,I11,J11),"") | M11: Negotiation | N11: =K11 | O11: 2
B12: Value Creation / Business Case | C12: C | D12: L2 | E12: =IFERROR('Employee 1'!J15,"") | F12: =IFERROR('Mohamed MARZOUK'!J15,"") | G12: =IFERROR('Basim El-Subihy'!J15,"") | H12: =IFERROR('Biju Mathew'!J15,"") | I12: =IFERROR('Oseid Mohamemed Faqih'!J15,"") | J12: =IFERROR('Kamel Bedrane'!J15,"") | K12: =IFERROR(AVERAGE(E12,F12,G12,H12,I12,J12),"") | M12: Value/BizCase | N12: =K12 | O12: 2
B13: Customer Relationship Management | C13: SE | D13: L2 | E13: =IFERROR('Employee 1'!J16,"") | F13: =IFERROR('Mohamed MARZOUK'!J16,"") | G13: =IFERROR('Basim El-Subihy'!J16,"") | H13: =IFERROR('Biju Mathew'!J16,"") | I13: =IFERROR('Oseid Mohamemed Faqih'!J16,"") | J13: =IFERROR('Kamel Bedrane'!J16,"") | K13: =IFERROR(AVERAGE(E13,F13,G13,H13,I13,J13),"") | M13: CRM | N13: =K13 | O13: 2
B14: Stakeholder Management | C14: SE | D14: L2 | E14: =IFERROR('Employee 1'!J17,"") | F14: =IFERROR('Mohamed MARZOUK'!J17,"") | G14: =IFERROR('Basim El-Subihy'!J17,"") | H14: =IFERROR('Biju Mathew'!J17,"") | I14: =IFERROR('Oseid Mohamemed Faqih'!J17,"") | J14: =IFERROR('Kamel Bedrane'!J17,"") | K14: =IFERROR(AVERAGE(E14,F14,G14,H14,I14,J14),"") | M14: Stakeholder | N14: =K14 | O14: 2
B15: Influencing Skills | C15: SE | D15: L2 | E15: =IFERROR('Employee 1'!J18,"") | F15: =IFERROR('Mohamed MARZOUK'!J18,"") | G15: =IFERROR('Basim El-Subihy'!J18,"") | H15: =IFERROR('Biju Mathew'!J18,"") | I15: =IFERROR('Oseid Mohamemed Faqih'!J18,"") | J15: =IFERROR('Kamel Bedrane'!J18,"") | K15: =IFERROR(AVERAGE(E15,F15,G15,H15,I15,J15),"") | M15: Influencing | N15: =K15 | O15: 2
B16: Executive Presence | C16: C | D16: L2 | E16: =IFERROR('Employee 1'!J19,"") | F16: =IFERROR('Mohamed MARZOUK'!J19,"") | G16: =IFERROR('Basim El-Subihy'!J19,"") | H16: =IFERROR('Biju Mathew'!J19,"") | I16: =IFERROR('Oseid Mohamemed Faqih'!J19,"") | J16: =IFERROR('Kamel Bedrane'!J19,"") | K16: =IFERROR(AVERAGE(E16,F16,G16,H16,I16,J16),"") | M16: Exec Presence | N16: =K16 | O16: 2
B17: C-Level Engagement | C17: C | D17: L2 | E17: =IFERROR('Employee 1'!J20,"") | F17: =IFERROR('Mohamed MARZOUK'!J20,"") | G17: =IFERROR('Basim El-Subihy'!J20,"") | H17: =IFERROR('Biju Mathew'!J20,"") | I17: =IFERROR('Oseid Mohamemed Faqih'!J20,"") | J17: =IFERROR('Kamel Bedrane'!J20,"") | K17: =IFERROR(AVERAGE(E17,F17,G17,H17,I17,J17),"") | M17: C-Level | N17: =K17 | O17: 2
B18: Executive Sponsorship Mobilization | C18: C | D18: L2 | E18: =IFERROR('Employee 1'!J21,"") | F18: =IFERROR('Mohamed MARZOUK'!J21,"") | G18: =IFERROR('Basim El-Subihy'!J21,"") | H18: =IFERROR('Biju Mathew'!J21,"") | I18: =IFERROR('Oseid Mohamemed Faqih'!J21,"") | J18: =IFERROR('Kamel Bedrane'!J21,"") | K18: =IFERROR(AVERAGE(E18,F18,G18,H18,I18,J18),"") | M18: Exec Sponsor | N18: =K18 | O18: 2
B19: Product Knowledge | C19: SE | D19: L2 | E19: =IFERROR('Employee 1'!J22,"") | F19: =IFERROR('Mohamed MARZOUK'!J22,"") | G19: =IFERROR('Basim El-Subihy'!J22,"") | H19: =IFERROR('Biju Mathew'!J22,"") | I19: =IFERROR('Oseid Mohamemed Faqih'!J22,"") | J19: =IFERROR('Kamel Bedrane'!J22,"") | K19: =IFERROR(AVERAGE(E19,F19,G19,H19,I19,J19),"") | M19: Product Know | N19: =K19 | O19: 2
... B29: Software & Services Attach | C29: S | D29: L2 | E29: =IFERROR('Employee 1'!J32,"") | F29: =IFERROR('Mohamed MARZOUK'!J32,"") | G29: =IFERROR('Basim El-Subihy'!J32,"") | H29: =IFERROR('Biju Mathew'!J32,"") | I29: =IFERROR('Oseid Mohamemed Faqih'!J32,"") | J29: =IFERROR('Kamel Bedrane'!J32,"") | K29: =IFERROR(AVERAGE(E29,F29,G29,H29,I29,J29),"") | M29: SW/Svc Attach | N29: =K29 | O29: 2
B30: MEA ZONE AVERAGE | E30: =IFERROR(AVERAGE(E8:E29),"") | F30: =IFERROR(AVERAGE(F8:F29),"") | G30: =IFERROR(AVERAGE(G8:G29),"") | H30: =IFERROR(AVERAGE(H8:H29),"") | I30: =IFERROR(AVERAGE(I8:I29),"") | J30: =IFERROR(AVERAGE(J8:J29),"")

Sheet ▶ Zone SAM
B2: SE | D2: Schneider Electric
D3: ZONE BENCHMARK · SAM
B5: APEX Panel Scores — 6 Account Managers in Zone SAM · Radar comparison
B7: Capability | C7: Src | D7: Req | E7: AM07 Account Manage Account 7 | F7: AM08 Account Manage Account 8 | G7: AM09 Account Manage Account 9 | H7: AM10 Account Manage Account 10 | I7: AM11 Account Manage Account 11 | J7: AM12 Account Manage Account 12 | K7: Zone Avg | M7: Capability | N7: Zone Avg | O7: Target
B8: Account Management | C8: SE | D8: L3 | E8: =IFERROR('Moamen Mohamed Ahmed Ibrahim'!J11,"") | F8: =IFERROR('Ahmed Abdel-Maugod'!J11,"") | G8: =IFERROR('Moteeb Albaqami'!J11,"") | H8: =IFERROR('Anny Rodrigues de Assis '!J11,"") | I8: =IFERROR('Eduardo Salles de Carvalho'!J11,"") | J8: =IFERROR('Marco Antonio Martins'!J11,"") | K8: =IFERROR(AVERAGE(E8,F8,G8,H8,I8,J8),"") | M8: Acct Mgmt | N8: =K8 | O8: 2
B9: Strategic Account Ambition | C9: C | D9: L2 | E9: =IFERROR('Moamen Mohamed Ahmed Ibrahim'!J12,"") | F9: =IFERROR('Ahmed Abdel-Maugod'!J12,"") | G9: =IFERROR('Moteeb Albaqami'!J12,"") | H9: =IFERROR('Anny Rodrigues de Assis '!J12,"") | I9: =IFERROR('Eduardo Salles de Carvalho'!J12,"") | J9: =IFERROR('Marco Antonio Martins'!J12,"") | K9: =IFERROR(AVERAGE(E9,F9,G9,H9,I9,J9),"") | M9: Strat Ambition | N9: =K9 | O9: 2
B10: Consultative Selling | C10: SE | D10: L2 | E10: =IFERROR('Moamen Mohamed Ahmed Ibrahim'!J13,"") | F10: =IFERROR('Ahmed Abdel-Maugod'!J13,"") | G10: =IFERROR('Moteeb Albaqami'!J13,"") | H10: =IFERROR('Anny Rodrigues de Assis '!J13,"") | I10: =IFERROR('Eduardo Salles de Carvalho'!J13,"") | J10: =IFERROR('Marco Antonio Martins'!J13,"") | K10: =IFERROR(AVERAGE(E10,F10,G10,H10,I10,J10),"") | M10: Consultative | N10: =K10 | O10: 2
B11: Negotiation | C11: SE | D11: L2 | E11: =IFERROR('Moamen Mohamed Ahmed Ibrahim'!J14,"") | F11: =IFERROR('Ahmed Abdel-Maugod'!J14,"") | G11: =IFERROR('Moteeb Albaqami'!J14,"") | H11: =IFERROR('Anny Rodrigues de Assis '!J14,"") | I11: =IFERROR('Eduardo Salles de Carvalho'!J14,"") | J11: =IFERROR('Marco Antonio Martins'!J14,"") | K11: =IFERROR(AVERAGE(E11,F11,G11,H11,I11,J11),"") | M11: Negotiation | N11: =K11 | O11: 2
B12: Value Creation / Business Case | C12: C | D12: L2 | E12: =IFERROR('Moamen Mohamed Ahmed Ibrahim'!J15,"") | F12: =IFERROR('Ahmed Abdel-Maugod'!J15,"") | G12: =IFERROR('Moteeb Albaqami'!J15,"") | H12: =IFERROR('Anny Rodrigues de Assis '!J15,"") | I12: =IFERROR('Eduardo Salles de Carvalho'!J15,"") | J12: =IFERROR('Marco Antonio Martins'!J15,"") | K12: =IFERROR(AVERAGE(E12,F12,G12,H12,I12,J12),"") | M12: Value/BizCase | N12: =K12 | O12: 2
B13: Customer Relationship Management | C13: SE | D13: L2 | E13: =IFERROR('Moamen Mohamed Ahmed Ibrahim'!J16,"") | F13: =IFERROR('Ahmed Abdel-Maugod'!J16,"") | G13: =IFERROR('Moteeb Albaqami'!J16,"") | H13: =IFERROR('Anny Rodrigues de Assis '!J16,"") | I13: =IFERROR('Eduardo Salles de Carvalho'!J16,"") | J13: =IFERROR('Marco Antonio Martins'!J16,"") | K13: =IFERROR(AVERAGE(E13,F13,G13,H13,I13,J13),"") | M13: CRM | N13: =K13 | O13: 2
B14: Stakeholder Management | C14: SE | D14: L2 | E14: =IFERROR('Moamen Mohamed Ahmed Ibrahim'!J17,"") | F14: =IFERROR('Ahmed Abdel-Maugod'!J17,"") | G14: =IFERROR('Moteeb Albaqami'!J17,"") | H14: =IFERROR('Anny Rodrigues de Assis '!J17,"") | I14: =IFERROR('Eduardo Salles de Carvalho'!J17,"") | J14: =IFERROR('Marco Antonio Martins'!J17,"") | K14: =IFERROR(AVERAGE(E14,F14,G14,H14,I14,J14),"") | M14: Stakeholder | N14: =K14 | O14: 2
B15: Influencing Skills | C15: SE | D15: L2 | E15: =IFERROR('Moamen Mohamed Ahmed Ibrahim'!J18,"") | F15: =IFERROR('Ahmed Abdel-Maugod'!J18,"") | G15: =IFERROR('Moteeb Albaqami'!J18,"") | H15: =IFERROR('Anny Rodrigues de Assis '!J18,"") | I15: =IFERROR('Eduardo Salles de Carvalho'!J18,"") | J15: =IFERROR('Marco Antonio Martins'!J18,"") | K15: =IFERROR(AVERAGE(E15,F15,G15,H15,I15,J15),"") | M15: Influencing | N15: =K15 | O15: 2
B16: Executive Presence | C16: C | D16: L2 | E16: =IFERROR('Moamen Mohamed Ahmed Ibrahim'!J19,"") | F16: =IFERROR('Ahmed Abdel-Maugod'!J19,"") | G16: =IFERROR('Moteeb Albaqami'!J19,"") | H16: =IFERROR('Anny Rodrigues de Assis '!J19,"") | I16: =IFERROR('Eduardo Salles de Carvalho'!J19,"") | J16: =IFERROR('Marco Antonio Martins'!J19,"") | K16: =IFERROR(AVERAGE(E16,F16,G16,H16,I16,J16),"") | M16: Exec Presence | N16: =K16 | O16: 2
B17: C-Level Engagement | C17: C | D17: L2 | E17: =IFERROR('Moamen Mohamed Ahmed Ibrahim'!J20,"") | F17: =IFERROR('Ahmed Abdel-Maugod'!J20,"") | G17: =IFERROR('Moteeb Albaqami'!J20,"") | H17: =IFERROR('Anny Rodrigues de Assis '!J20,"") | I17: =IFERROR('Eduardo Salles de Carvalho'!J20,"") | J17: =IFERROR('Marco Antonio Martins'!J20,"") | K17: =IFERROR(AVERAGE(E17,F17,G17,H17,I17,J17),"") | M17: C-Level | N17: =K17 | O17: 2
B18: Executive Sponsorship Mobilization | C18: C | D18: L2 | E18: =IFERROR('Moamen Mohamed Ahmed Ibrahim'!J21,"") | F18: =IFERROR('Ahmed Abdel-Maugod'!J21,"") | G18: =IFERROR('Moteeb Albaqami'!J21,"") | H18: =IFERROR('Anny Rodrigues de Assis '!J21,"") | I18: =IFERROR('Eduardo Salles de Carvalho'!J21,"") | J18: =IFERROR('Marco Antonio Martins'!J21,"") | K18: =IFERROR(AVERAGE(E18,F18,G18,H18,I18,J18),"") | M18: Exec Sponsor | N18: =K18 | O18: 2
B19: Product Knowledge | C19: SE | D19: L2 | E19: =IFERROR('Moamen Mohamed Ahmed Ibrahim'!J22,"") | F19: =IFERROR('Ahmed Abdel-Maugod'!J22,"") | G19: =IFERROR('Moteeb Albaqami'!J22,"") | H19: =IFERROR('Anny Rodrigues de Assis '!J22,"") | I19: =IFERROR('Eduardo Salles de Carvalho'!J22,"") | J19: =IFERROR('Marco Antonio Martins'!J22,"") | K19: =IFERROR(AVERAGE(E19,F19,G19,H19,I19,J19),"") | M19: Product Know | N19: =K19 | O19: 2
... B29: Software & Services Attach | C29: S | D29: L2 | E29: =IFERROR('Moamen Mohamed Ahmed Ibrahim'!J32,"") | F29: =IFERROR('Ahmed Abdel-Maugod'!J32,"") | G29: =IFERROR('Moteeb Albaqami'!J32,"") | H29: =IFERROR('Anny Rodrigues de Assis '!J32,"") | I29: =IFERROR('Eduardo Salles de Carvalho'!J32,"") | J29: =IFERROR('Marco Antonio Martins'!J32,"") | K29: =IFERROR(AVERAGE(E29,F29,G29,H29,I29,J29),"") | M29: SW/Svc Attach | N29: =K29 | O29: 2
B30: SAM ZONE AVERAGE | E30: =IFERROR(AVERAGE(E8:E29),"") | F30: =IFERROR(AVERAGE(F8:F29),"") | G30: =IFERROR(AVERAGE(G8:G29),"") | H30: =IFERROR(AVERAGE(H8:H29),"") | I30: =IFERROR(AVERAGE(I8:I29),"") | J30: =IFERROR(AVERAGE(J8:J29),"")

Sheet ▶ Zone India
B2: SE | D2: Schneider Electric
D3: ZONE BENCHMARK · India
B5: APEX Panel Scores — 6 Account Managers in Zone India · Radar comparison
B7: Capability | C7: Src | D7: Req | E7: AM13 Account Manage Account 13 | F7: AM14 Account Manage Account 14 | G7: AM15 Account Manage Account 15 | H7: AM16 Account Manage Account 16 | I7: AM17 Account Manage Account 17 | J7: AM18 Account Manage Account 18 | K7: Zone Avg | M7: Capability | N7: Zone Avg | O7: Target
B8: Account Management | C8: SE | D8: L3 | E8: =IFERROR('AM13'!J11,"") | F8: =IFERROR('AM14'!J11,"") | G8: =IFERROR('AM15'!J11,"") | H8: =IFERROR('AM16'!J11,"") | I8: =IFERROR('AM17'!J11,"") | J8: =IFERROR('AM18'!J11,"") | K8: =IFERROR(AVERAGE(E8,F8,G8,H8,I8,J8),"") | M8: Acct Mgmt | N8: =K8 | O8: 2
B9: Strategic Account Ambition | C9: C | D9: L2 | E9: =IFERROR('AM13'!J12,"") | F9: =IFERROR('AM14'!J12,"") | G9: =IFERROR('AM15'!J12,"") | H9: =IFERROR('AM16'!J12,"") | I9: =IFERROR('AM17'!J12,"") | J9: =IFERROR('AM18'!J12,"") | K9: =IFERROR(AVERAGE(E9,F9,G9,H9,I9,J9),"") | M9: Strat Ambition | N9: =K9 | O9: 2
B10: Consultative Selling | C10: SE | D10: L2 | E10: =IFERROR('AM13'!J13,"") | F10: =IFERROR('AM14'!J13,"") | G10: =IFERROR('AM15'!J13,"") | H10: =IFERROR('AM16'!J13,"") | I10: =IFERROR('AM17'!J13,"") | J10: =IFERROR('AM18'!J13,"") | K10: =IFERROR(AVERAGE(E10,F10,G10,H10,I10,J10),"") | M10: Consultative | N10: =K10 | O10: 2
B11: Negotiation | C11: SE | D11: L2 | E11: =IFERROR('AM13'!J14,"") | F11: =IFERROR('AM14'!J14,"") | G11: =IFERROR('AM15'!J14,"") | H11: =IFERROR('AM16'!J14,"") | I11: =IFERROR('AM17'!J14,"") | J11: =IFERROR('AM18'!J14,"") | K11: =IFERROR(AVERAGE(E11,F11,G11,H11,I11,J11),"") | M11: Negotiation | N11: =K11 | O11: 2
B12: Value Creation / Business Case | C12: C | D12: L2 | E12: =IFERROR('AM13'!J15,"") | F12: =IFERROR('AM14'!J15,"") | G12: =IFERROR('AM15'!J15,"") | H12: =IFERROR('AM16'!J15,"") | I12: =IFERROR('AM17'!J15,"") | J12: =IFERROR('AM18'!J15,"") | K12: =IFERROR(AVERAGE(E12,F12,G12,H12,I12,J12),"") | M12: Value/BizCase | N12: =K12 | O12: 2
